wavelength,445,465,480,490,502,510,519,535,549,570,584,599,614,635,649,660,669,680,690,699,712,722,734,749,764,781,799,814,832,849,869
0.400,0.000000000000000,0.000000000000000,0.000000000000000,0.000000000000000,0.000000000000000,0.000000000000000,0.000000000000000,0.000000000000000,0.000000000000000,0.000000000000000,0.000000000000000,0.000000000000000,0.000000000000000,0.000000000000000,0.000000000000000,0.000000000000000,0.000000000000000,0.000000000000000,0.000000000000000,0.000000000000000,0.000000000000000,0.000000000000000,0.000000000000000,0.000000000000000,0.000000000000000,0.000000000000000,0.000000000000000,0.000000000000000,0.000000000000000,0.000000000000000,0.000000000000000
0.401,0.000005359260479,0.000004868083033,0.000027007907439,0.000011579277197,0.000027058264988,0.000010483837020,0.000021763438635,0.000015999386124,0.000008367957006,0.000009369896716,0.000002295166218,0.000019119614415,0.000013392642888,0.000014456078691,0.000007796895293,0.000020108793743,0.000007882137791,0.000020621952066,0.000009243755823,0.000019830516361,0.000011960837945,0.000024206101891,0.000014750147055,0.000008879274487,0.000002612352254,0.000026057967803,0.000024703608319,0.000018501032741,0.000016688341186,0.000012805848592,0.000014640042039
0.402,0.000006296887915,0.000005719776701,0.000031733065901,0.000013605125358,0.000031792233737,0.000012318032850,0.000025571052995,0.000018798552808,0.000009831969830,0.000011009203532,0.000026967161756,0.000022464679486,0.000015735747773,0.000016985236594,0.000009160998226,0.000023626920319,0.000009261154294,0.000024229858066,0.000010860993705,0.000023299957020,0.000014053441926,0.000028441071499,0.000017330753580,0.000010432744672,0.000030693953768,0.000030616929927,0.000029025618980,0.000021737874085,0.000019608043750,0.000015046291097,0.000017201385181
0.403,0.000064232162159,0.000058345269835,0.000048554543024,0.000020817107512,0.000048645075317,0.000018847736234,0.000039126090014,0.000028763534667,0.000015043828531,0.000016845105614,0.000041262266301,0.000034373049552,0.000024077158023,0.000025988992163,0.000014017179554,0.000036151386151,0.000014170427655,0.000037073936997,0.000016618330791,0.000035651101887,0.000021503073569,0.000043517485328,0.000026517665295,0.000015963069929,0.000046964604789,0.000046846751149,0.000044411897356,0.000033260969672,0.000030002131116,0.000023022225169,0.000026319719610
0.404,0.000089780231539,0.000081551852824,0.000067866906056,0.000029097023509,0.000067993447183,0.000026344343179,0.000054688325950,0.000040204108276,0.000021027447362,0.000023545174744,0.000057674157272,0.000048044783856,0.000033653745250,0.000036326003289,0.000019592453120,0.000050530446276,0.000019806655002,0.000051819937797,0.000023228201200,0.000049831176072,0.000030055829649,0.000060826380079,0.000037064953912,0.000022312313118,0.000065644576648,0.000065479847223,0.000062076540687,0.000046490378931,0.000041935351196,0.000032179217338,0.000036788276171
0.405,0.000101232894110,0.000091954876256,0.000076524232527,0.000032808735837,0.000076666915655,0.000029704914522,0.000061664549259,0.000045332676986,0.000023709777929,0.000026548674925,0.000065031263074,0.000054173535014,0.000037946728039,0.000040959868130,0.000022091731087,0.000056976276734,0.000022333257268,0.000058430260048,0.000026191267190,0.000056187805316,0.000033889850452,0.000068585593822,0.000041793081733,0.000025158545401,0.000074018415444,0.000073832672593,0.000069995229046,0.000052420845069,0.000047284762966,0.000036284104480,0.000041481110066
0.406,0.000106129453450,0.000096402664815,0.000080225652388,0.000034395669837,0.000080375236999,0.000031141719007,0.000064647217361,0.000047525384648,0.000024856602145,0.000027832814464,0.000068176776609,0.000056793868362,0.000039782182876,0.000042941066300,0.000023160291588,0.000059732176601,0.000023413500209,0.000061256488001,0.000027458119183,0.000058905567411,0.000035529077157,0.000071903027676,0.000043814581821,0.000026375445415,0.000077598630815,0.000077403903712,0.000073380845895,0.000054956402115,0.000049571891566,0.000038039139461,0.000043487520318
0.407,0.000108978162960,0.000098990289448,0.000082379056289,0.000035318912807,0.000082532656024,0.000031977619959,0.000066382467445,0.000048801053286,0.000072925140039,0.000028579898339,0.000070006766546,0.000058318320131,0.000040850009753,0.000044093683411,0.000067948446757,0.000061335497962,0.000068691318772,0.000062900724679,0.000028195145548,0.000060486701062,0.000036482742862,0.000073833037038,0.000044990645694,0.000077381173792,0.000079681520629,0.000079481566697,0.000075350522614,0.000056431532915,0.000050902492209,0.000111600513858,0.000127585157886
0.408,0.000111020546180,0.000100845487780,0.000083922939923,0.000089952080397,0.000084079418304,0.000081442298555,0.000067626555562,0.000049715644335,0.000074291845792,0.000072788800922,0.000071318778434,0.000059411276327,0.000041615588583,0.000044920052628,0.000069221883230,0.000062484999737,0.000069978677570,0.000064079560706,0.000071808892109,0.000061620295352,0.000037166473803,0.000075216757885,0.000045833825073,0.000078831391034,0.000081174849166,0.000080971147855,0.000076762682985,0.000057489128426,0.000051856466777,0.000113692043121,0.000129976258805
0.409,0.000112652237780,0.000102327634472,0.000085156372480,0.000091274124461,0.000085315150655,0.000082639272620,0.000068620476835,0.000050446325294,0.000075383728195,0.000073858592768,0.000072366965059,0.000060284455966,0.000042227221371,0.000045580251798,0.000070239251359,0.000063403354517,0.000071007168460,0.000065021351073,0.000072864282035,0.000062525941394,0.000037712717044,0.000076322233909,0.000046507454143,0.000079989992058,0.000082367892472,0.000082161197322,0.000077890879785,0.000058334057865,0.000052618611840,0.000115362998256,0.000131886546378
0.410,0.000114023328700,0.000103573064597,0.000086192811095,0.000092385022262,0.000086353521758,0.000083645075599,0.000069455656984,0.000051060307758,0.000076301223908,0.000074757526050,0.000073247743734,0.000061018178366,0.000042741169083,0.000046135009259,0.000071094133621,0.000064175037046,0.000071871397044,0.000065812726246,0.000073751113557,0.000063286944923,0.000076343437407,0.000077251152180,0.000047073496588,0.000080963550631,0.000083370392482,0.000083161181641,0.000078838890052,0.000059044041960,0.000106518066432,0.000116767081855,0.000133491738159
0.411,0.000115140754270,0.000104588077858,0.000087037498334,0.000093290393008,0.000087199783960,0.000084464795101,0.000070136320566,0.000051560697410,0.000077048973861,0.000075490147805,0.000073965569663,0.000061616154883,0.000043160031398,0.000046587131116,0.000071790854228,0.000064803950690,0.000072575734812,0.000066457689201,0.000074473872497,0.000063907155292,0.000077091601051,0.000078008211404,0.000047534815597,0.000081756991260,0.000084187420097,0.000083976159002,0.000079611509068,0.000059622671994,0.000107561940632,0.000117911396132,0.000134799953620
0.412,0.000116094805600,0.000105454690166,0.000087758687299,0.000094063393186,0.000087922317614,0.000085164666755,0.000070717467100,0.000051987927129,0.000077687398339,0.000076115655918,0.000074578445187,0.000062126703690,0.000072529422597,0.000046973150079,0.000072385710153,0.000065340913436,0.000073177094224,0.000067008354752,0.000075090959796,0.000064436687230,0.000077730378736,0.000078654584083,0.000079881145052,0.000082434426168,0.000084884993434,0.000084671981836,0.000080271166605,0.000100194504808,0.000108453194239,0.000118888404881,0.000135916900229
0.413,0.000116893032090,0.000106179759016,0.000088362084742,0.000094710139540,0.000088526840121,0.000085750228638,0.000071203695186,0.000080531350120,0.000078221549191,0.000076639000029,0.000075091219985,0.000062553864751,0.000073028109047,0.000072763262630,0.000072883408487,0.000065790174259,0.000073680233833,0.000067469080307,0.000075607258462,0.000064879730914,0.000078264825106,0.000079195384959,0.000080430379324,0.000083001215891,0.000085468632383,0.000085254156197,0.000080823082523,0.000100883406499,0.000109198879734,0.000119705839164,0.000136851416374
0.414,0.000117533334440,0.000106761377509,0.000088846103763,0.000095228931155,0.000089011761615,0.000086219940750,0.000071593726079,0.000080972474897,0.000078650021623,0.000077058803767,0.000075502545483,0.000062896514661,0.000073428133488,0.000073161836328,0.000073282640306,0.000066150551630,0.000074083830403,0.000067838654184,0.000076021410652,0.000065235121169,0.000078693534590,0.000079629191750,0.000080870951015,0.000083455869796,0.000085936802001,0.000085721150981,0.000081265805320,0.000101436013281,0.000109797035997,0.000120361549164,0.000137601044320
0.415,0.000117955084470,0.000107144474053,0.000089164914136,0.000095570645314,0.000089331166432,0.000086529327553,0.000071850628991,0.000081263031988,0.000078932244953,0.000077335317260,0.000075773474586,0.000063122208987,0.000073691618887,0.000073424366161,0.000073545603625,0.000066387922557,0.000074349668668,0.000068082082604,0.000076294201622,0.000065469207220,0.000078975914059,0.000079914928679,0.000081161143803,0.000083755338162,0.000086245172805,0.000086028747956,0.000081557414978,0.000101800000585,0.000110191025528,0.000120793447802,0.000138094804196
0.416,0.000118248590580,0.000107411080261,0.000089386782039,0.000095808452514,0.000089553448017,0.000086744637359,0.000072029413979,0.000081465237738,0.000079128651036,0.000077527749729,0.000075962020742,0.000063279275160,0.000073874984788,0.000073607067061,0.000073728606198,0.000066553114766,0.000074534671986,0.000068251490370,0.000076484043496,0.000065632113398,0.000079172428803,0.000080113779961,0.000081363096027,0.000083963745486,0.000086459775552,0.000086242812173,0.000081760353235,0.000102053308209,0.000110465212430,0.000121094016574,0.000138438423709
0.417,0.000119058702800,0.000108146945511,0.000089999164176,0.000096464829032,0.000090166971969,0.000087338918359,0.000085321037754,0.000082023349968,0.000079670755486,0.000078058886524,0.000076482430845,0.000074956231444,0.000074381096765,0.000074111343553,0.000074233715346,0.000067009065162,0.000075045303431,0.000068719076210,0.000077008029938,0.000077743240099,0.000079714833172,0.000080662633456,0.000081920508492,0.000084538974805,0.000087052104986,0.000086833655208,0.000096847632096,0.000102752467765,0.000111222001311,0.000121923622594,0.000139386854961
0.418,0.000120160882350,0.000109148110054,0.000100924807342,0.000097357847008,0.000091001687872,0.000088147453708,0.000086110892680,0.000082782676728,0.000080408303228,0.000078781512476,0.000077190462843,0.000075650134733,0.000075069675776,0.000074797425338,0.000074920929981,0.000075143775540,0.000075740031299,0.000077061377077,0.000077720927641,0.000078462943971,0.000080452788961,0.000081409363455,0.000082678883202,0.000085321589826,0.000087857985175,0.000087637513107,0.000097744193852,0.000103703693220,0.000112251633017,0.000123052323986,0.000140677221288
0.419,0.000121067636520,0.000109971759997,0.000101686402864,0.000098092525649,0.000091688401870,0.000088812629176,0.000086760699918,0.000083407368689,0.000081015077769,0.000079376010981,0.000077772955021,0.000076221003337,0.000075636164139,0.000075361859253,0.000075486295884,0.000075710823072,0.000076311578277,0.000077642895152,0.000078307422796,0.000079055038505,0.000081059899199,0.000082023692164,0.000083302791920,0.000085965440852,0.000088520976265,0.000092946147874,0.000098481787931,0.000104486258681,0.000113098702665,0.000123980897459,0.000141738795193
0.420,0.000121775882660,0.000110615095217,0.000102281268712,0.000098666367302,0.000092224779374,0.000089332183399,0.000087268250347,0.000083895302118,0.000081489016286,0.000079840360951,0.000078227927107,0.000076666896500,0.000076078635990,0.000075802726420,0.000075927891005,0.000076153731679,0.000076758001304,0.000078097106387,0.000078765521521,0.000079517510784,0.000081534099921,0.000082503531079,0.000083790113574,0.000086468339012,0.000089038824318,0.000093489883197,0.000099057906770,0.000105097503696,0.000113760330512,0.000124706186187,0.000142567967691
0.421,0.000122307475230,0.000111097967206,0.000102727760754,0.000099097079087,0.000092627371467,0.000089722148340,0.000087649205528,0.000084261533249,0.000081844743173,0.000080188890904,0.000078569418246,0.000077001573216,0.000076410744752,0.000076133630745,0.000076259341715,0.000076486168259,0.000077093075723,0.000078438026450,0.000079109359439,0.000079864631388,0.000081890023613,0.000082863686663,0.000084155885522,0.000086845802313,0.000089427508648,0.000093897997893,0.000099490327755,0.000105556289548,0.000114256932508,0.000125250570514,0.000143190324685
0.422,0.000122708329570,0.000111462083154,0.000103064443926,0.000099421862950,0.000092930951308,0.000090016206512,0.000087936469772,0.000084537694630,0.000082112983691,0.000080451704480,0.000078826924112,0.000077253940578,0.000076661175714,0.000076383153484,0.000076509276464,0.000076736846416,0.000077345742978,0.000078695101688,0.000079368634925,0.000080126382226,0.000082158412534,0.000083135266699,0.000084431700650,0.000087130433458,0.000089720601159,0.000094205742125,0.000099816400464,0.000105902243029,0.000114631401748,0.000125661070647,0.000143659621128
0.423,0.000123022076860,0.000111747075434,0.000103327964667,0.000099676070143,0.000093168562188,0.000090246364815,0.000088161310492,0.000084753845177,0.000082322934606,0.000080657407747,0.000079028473052,0.000077451467629,0.000076857187152,0.000076578454060,0.000076704899517,0.000076933051333,0.000077543504754,0.000078896313578,0.000079571568941,0.000080331253691,0.000082368479605,0.000083347831442,0.000084647580186,0.000087353213260,0.000089950003641,0.000094446612458,0.000100071616432,0.000106173019609,0.000114924497512,0.000125982367665,0.000144026937813
0.424,0.000123178206980,0.000111888896192,0.000103459100541,0.000099802571314,0.000093286804532,0.000090360898532,0.000088273198019,0.000084861408213,0.000082427412518,0.000080759771900,0.000079128769888,0.000077549763051,0.000076954728359,0.000076675641520,0.000076802247453,0.000077030688821,0.000077641916983,0.000078996442686,0.000079672555032,0.000080433203915,0.000082473015318,0.000083453610074,0.000084755008358,0.000087464075213,0.000090064161240,0.000094566476805,0.000100198619600,0.000106307766206,0.000115070350810,0.000126142254757,0.000144209725681
0.425,0.000123100455090,0.000111818270281,0.000103393795640,0.000099739574468,0.000093227920534,0.000090303861408,0.000088217478682,0.000084807842448,0.000082375383126,0.000080708795148,0.000079078822648,0.000077500812503,0.000076906153406,0.000076627242731,0.000076753768748,0.000076982065920,0.000077592908266,0.000078946578974,0.000079622264547,0.000080382433298,0.000082420957142,0.000083400932932,0.000084701509754,0.000087408866606,0.000090007311421,0.000094506785059,0.000100135372762,0.000106240663186,0.000114997716718,0.000126062631917,0.000144118698388
0.426,0.000123530160000,0.000112208592638,0.000103754710810,0.000100087733903,0.000093553349836,0.000090619083741,0.000088525418111,0.000085103879910,0.000082662929639,0.000080990524128,0.000079354861907,0.000077771343426,0.000077174608561,0.000076894724297,0.000077021691976,0.000077250786062,0.000077863760666,0.000079222156611,0.000079900200790,0.000080663023050,0.000082708662739,0.000083692059316,0.000084997176042,0.000087713983424,0.000090321498592,0.000094836678474,0.000100484913804,0.000106611515873,0.000115399137520,0.000126502676853,0.000144621771364
0.427,0.000124595417700,0.000113176219227,0.000104649435666,0.000100950836721,0.000094360103638,0.000091400534010,0.000089288813732,0.000085837770025,0.000083375770312,0.000081688942874,0.000080039175581,0.000078442001688,0.000077840120902,0.000077557823067,0.000077685885647,0.000077916955317,0.000078535215885,0.000079905325907,0.000080589217174,0.000081358617603,0.000083421897789,0.000084413774649,0.000085730146001,0.000088470381670,0.000091100382646,0.000095654499013,0.000101351441688,0.000107530876281,0.000116394277653,0.000127593567941,0.000145868911783
0.428,0.000125564512950,0.000114056496676,0.000105463392334,0.000101736025921,0.000095094030535,0.000092111441562,0.000089983296458,0.000086505410752,0.000084024261761,0.000082324314286,0.000080661715208,0.000079052118598,0.000078445556422,0.000078161062892,0.000078290121534,0.000078522988450,0.000079146057809,0.000080526824459,0.000081216034990,0.000081991419767,0.000084070748015,0.000085070339630,0.000086396949635,0.000089158498682,0.000091808955639,0.000096398493635,0.000102139746768,0.000108367244611,0.000117299584956,0.000128585982613,0.000147003470920
0.429,0.002844801767200,0.000114720312358,0.000106077195631,0.000102328135721,0.000095647483521,0.000092647535701,0.000090507004664,0.000087008877454,0.000084513288026,0.000082803446755,0.000081131171250,0.000079512206691,0.000078902114286,0.000078615964986,0.000078745774758,0.000078979996973,0.000079606692633,0.000080995495429,0.000081688717206,0.000082468614769,0.000084560044833,0.000085565454132,0.000086899785087,0.000089677406516,0.000092343289292,0.000096959538675,0.000102734206248,0.000108997948503,0.000117982275608,0.000129334360778,0.000147859039977
0.430,0.061394162250000,0.000115257565913,0.000106573972089,0.000102807354733,0.000096095415971,0.000093081418916,0.000090930863430,0.000087416353931,0.000084909077259,0.000083191228528,0.000081511121490,0.000079884575061,0.000079271625496,0.000078984136113,0.000079114553805,0.000079349872920,0.000079979503496,0.000081374810277,0.000082071278523,0.000082854828471,0.000084956053036,0.000085966170827,0.000087306750667,0.000090097380141,0.000092775747672,0.000097413615689,0.000103215326953,0.000109508403314,0.000118534805458,0.000129940054258,0.000148551487489
0.431,0.125587951640000,0.000115710461824,0.000106992746473,0.000103211328478,0.000096473015660,0.000093447175330,0.000091288169399,0.000087759849900,0.000085242721074,0.000083518122185,0.000081831413293,0.000080198475473,0.000079583117369,0.000079294498318,0.000079425428477,0.000079661672260,0.000080293776922,0.000081694566456,0.000082393771421,0.000083180400269,0.000085289881438,0.000086303968411,0.000087649815958,0.000090451411000,0.000093140302975,0.000097796395144,0.000103620903794,0.000109938708324,0.000119000579035,0.000130450643899,0.000149135209354
0.432,0.190179335300000,0.000116100458901,0.000107353360870,0.000103559197770,0.000096798173761,0.000093762134968,0.000091595852202,0.000088055640656,0.000085530027956,0.000083799616382,0.000082107222511,0.000080468780945,0.000079851348803,0.000079561756975,0.000079693128427,0.000079930168460,0.000080564403604,0.000081969914438,0.000082671476042,0.000083460756189,0.000085577347272,0.000086594852181,0.000087945235849,0.000090756273546,0.000093454228313,0.000098126013638,0.000103970153542,0.000110309251957,0.000119401665308,0.000130890322118,0.000149637863088
0.433,0.255063607770000,0.000116427368198,0.000107655640568,0.000103850794072,0.000097070732743,0.000094026145239,0.000091853762772,0.000088303582893,0.000085770858712,0.000084035574740,0.000082338415519,0.000080695360519,0.000080076189846,0.000079785782601,0.000079917523962,0.000080155231439,0.000080791252427,0.000082200720821,0.000082904257845,0.000083695760403,0.000085818311267,0.000086838681211,0.000088192867215,0.000091011820077,0.000093717371597,0.000098402311479,0.000104262906991,0.000110619854691,0.000119737869961,0.000131258875900,0.000150059205165
0.434,0.320101835150000,0.000116678676605,0.000107888015207,0.000104074955952,0.000097280259865,0.000094229100620,0.000092052029067,0.000088494186126,0.000085955995062,0.000084216965480,0.000082516142942,0.000080869541409,0.000080249034256,0.000079958000167,0.000080090025892,0.000080328246461,0.000080965640300,0.000082378151031,0.000083083206638,0.000083876417655,0.000086003550043,0.000087026122454,0.000088383231468,0.000091208269039,0.000093919660491,0.000098614712812,0.000104487958416,0.000110858627584,0.000119996324085,0.000131542198109,0.000150383107874
0.435,0.385098766370000,0.000116833177982,0.000108030876331,0.000104212767970,0.000097409074610,0.000094353875139,0.000092173920792,0.000088611366694,0.000086069814655,0.000084328482318,0.000082625407617,0.000080976625718,0.000080355296914,0.000080063877448,0.000080196077997,0.000080434614008,0.000081072851859,0.000082487232982,0.000083193222197,0.000083987483552,0.000086117432607,0.000087141359069,0.000088500265114,0.000091329043489,0.000094044025261,0.000098745294588,0.000104626317316,0.000111005422277,0.000120155218561,0.000131716381183,0.000150582239351
0.436,0.449929944290000,0.000116900240610,0.000108092886408,0.000104272586442,0.000097464987739,0.000094408034573,0.000092226828926,0.000088662229910,0.000086119219011,0.000084376887144,0.000082672834873,0.000081023106567,0.000080401421118,0.000080109834377,0.000080242110809,0.000080480783741,0.000081119387942,0.000082534580924,0.000083240975379,0.000084035692644,0.000086166864296,0.000087191378495,0.000088551064557,0.000091381466660,0.000094098006840,0.000098801974712,0.000104686373166,0.000111069139755,0.000120224188051,0.000131791986819,0.000150668674051
0.437,0.515179779370000,0.000117045577554,0.000108227273556,0.000104402223977,0.000097586161685,0.000094525407944,0.000092341490499,0.000088772459773,0.000086226287261,0.000084481789229,0.000082775618384,0.000081123839043,0.000080501380680,0.000080209431422,0.000080341872308,0.000080580841971,0.000081220240121,0.000082637192551,0.000083344465235,0.000084140170536,0.000086273991781,0.000087299779714,0.000088661156213,0.000091495077232,0.000094214994767,0.000098924810876,0.000104816525145,0.000111207227147,0.000120373657514,0.000131955838019,0.000150855993808
0.438,0.582081143340000,0.000117491844456,0.000108639918365,0.000104800284784,0.000097958234471,0.000094885810804,0.000092693566602,0.000089110928013,0.000086555047551,0.000084803898164,0.000083091222096,0.000081433144914,0.000080808313266,0.000080515250875,0.000080648196726,0.000080888077523,0.000081529913546,0.000082952268478,0.000083662237825,0.000084460976961,0.000086602933958,0.000087632632975,0.000088999200079,0.000091843926163,0.000094574214096,0.000099301987611,0.000105216165583,0.000111631233810,0.000120832613592,0.000132458954191,0.000151431171772
0.439,0.650520701470000,0.000118127853626,0.000109228010114,0.000105367591753,0.000098488503917,0.000095399448547,0.000093195337245,0.000089593305046,0.000087023589042,0.000085262960298,0.000083541013138,0.000081873960421,0.000081245746421,0.000080951097619,0.000081084763135,0.000081325942460,0.000081971252882,0.000083401307334,0.000084115119901,0.000084918182787,0.000087071734668,0.000088107007673,0.000089480972304,0.000092341097516,0.000095086165097,0.000099839531089,0.000105785723806,0.000112235518206,0.000121486707079,0.000133175983615,0.000152250901978
0.440,0.719465092550000,0.000118731153665,0.000109785857064,0.000105905722857,0.000098991502292,0.000095886670564,0.000093671302472,0.000090050874051,0.000087468034049,0.000085698413460,0.000083967672008,0.000082292105354,0.000081660682954,0.000081364529328,0.000081498877498,0.000081741288568,0.000082389894706,0.000083827252701,0.000084544710836,0.000085351875108,0.000087516425563,0.000088556985892,0.000089937967606,0.000092812699988,0.000095571787119,0.000100349429400,0.000106325990385,0.000112808725037,0.000122107161383,0.000133856137141,0.000153028474518
0.441,0.788478365190000,0.000119244016358,0.000110260080286,0.000106363185725,0.000099419098982,0.000096300855843,0.000094075918404,0.000090439851437,0.000087845854781,0.000086068590264,0.000084330372824,0.000082647568512,0.000082013418663,0.000081715985793,0.000081850914284,0.000082094372456,0.000082745780267,0.000084189346972,0.000084909904188,0.000085720555030,0.000087894455324,0.000088939510384,0.000090326457289,0.000093213607161,0.000095984612250,0.000100782891697,0.000106785268611,0.000113296005625,0.000122634606839,0.000134434332642,0.000153689485491
0.442,0.857351434960000,0.000119658188846,0.000110643048699,0.000106732618982,0.000099764413211,0.000096635339419,0.000094402674063,0.000090753977876,0.000088150971443,0.000086367533920,0.000084623279097,0.000082934629868,0.000082298277415,0.000081999811466,0.000082135208606,0.000082379512386,0.000083033182745,0.000084481763417,0.000085204823358,0.000086018289849,0.000088199740791,0.000089248425660,0.000090640189874,0.000093537367739,0.000096317997412,0.000101132942813,0.000107156167896,0.000113689518776,0.000123060555929,0.000134901265942,0.000154223298076
0.443,0.925950395190000,0.000119977523314,0.000110938324262,0.000107017458694,0.000100030656718,0.000096893232297,0.000094654608578,0.000090996175034,0.000088386221900,0.000086598024877,0.000084849115122,0.000083155959358,0.000082517908657,0.000082218646185,0.000082354404663,0.000082599360422,0.000083254775245,0.000084707221776,0.000085432211364,0.000086247848771,0.000088435121400,0.000089486604917,0.000090882083364,0.000093786992991,0.000096575043392,0.000101402838545,0.000107442137943,0.000113992924521,0.000123388970370,0.000135261279948,0.000154634877219
0.444,0.991719423790000,0.000120258734069,0.000111198348383,0.000107268292847,0.000100265114772,0.000097120336661,0.000094876465916,0.000091209457509,0.000088593387005,0.000086800998696,0.000085047989738,0.000083350865450,0.000082711319246,0.000082411355344,0.000082547432021,0.000082792961923,0.000083449912947,0.000084905763813,0.000085632452676,0.000086450001824,0.000088642401119,0.000089696349169,0.000091095098424,0.000094006816758,0.000096801401965,0.000101640512803,0.000107693967486,0.000114260108203,0.000123678177086,0.000135578313720,0.000154997320029
0.445,1.000000000000000,0.000120620928267,0.000111533254591,0.000107591362548,0.000100567092363,0.000097412842837,0.000095162214022,0.000091484161351,0.000088860211789,0.000087062425180,0.000085304136525,0.000083601900853,0.000082960428470,0.000082659561140,0.000082796047651,0.000083042317038,0.000083701246661,0.000085161482246,0.000085890359744,0.000086710371180,0.000088909373523,0.000089966495844,0.000091369457840,0.000094289945662,0.000097092947576,0.000101946632806,0.000108018319230,0.000114604235793,0.000124050669933,0.000135986647293,0.000155464139595
0.446,0.999640646420000,0.000121219284186,0.000112086529914,0.000108125083599,0.000101065968601,0.000097896072007,0.000095634278653,0.000091937980520,0.000089301014513,0.000087494309748,0.000085727298872,0.000084016619037,0.000083371964546,0.000083069604723,0.000083206768293,0.000083454259332,0.000084116457662,0.000085583936937,0.000086316430127,0.000087140509337,0.000089350420120,0.000090412786435,0.000091822708007,0.000094757683292,0.000097574589864,0.000102452352436,0.000108554158256,0.000115172745120,0.000124666039535,0.000136661226875,0.000156235339829
0.447,0.941487842020000,0.000121990746047,0.000112799869244,0.000108813211555,0.000101709171048,0.000098519100648,0.000096242912825,0.000092523090769,0.000089869342624,0.000088051139657,0.000086272883198,0.000084551316281,0.000083902559090,0.000083598274994,0.000083736311499,0.000083985377616,0.000084651790299,0.000086128608882,0.000086865763794,0.000087695087595,0.000089919062658,0.000090988190067,0.000092407084641,0.000095360738649,0.000098195572534,0.000103104378085,0.000109245016921,0.000115905725692,0.000125459437182,0.000137530964104,0.000157229650320
0.448,0.879612187910000,0.000122765061098,0.000113515846802,0.000109503884497,0.000102354752328,0.000099144433511,0.000096853797981,0.000093110365002,0.000090439772652,0.000088610028957,0.000086820485324,0.000085087991061,0.000084435115997,0.000084128900510,0.000084267813178,0.000084518460198,0.000085189102820,0.000086675295252,0.000087417129127,0.000088251716917,0.000090489808274,0.000091565721785,0.000092993622545,0.000095966024358,0.000098818851858,0.000103758815199,0.000109938430673,0.000116641417135,0.000126255769147,0.000138403917987,0.000158227638189
0.449,0.816272220270000,0.021569341170819,0.000114146747103,0.000110112487045,0.000102923621308,0.000099695460127,0.000097392093664,0.000093627855369,0.000090942420356,0.000089102507281,0.000087303017692,0.000085560894543,0.000084904390918,0.000084596473542,0.000084736158260,0.000084988198331,0.000085662568262,0.000087157020680,0.000087902977531,0.000088742203808,0.000090992734067,0.000092074627308,0.000093510464079,0.000096499385958,0.000099368068951,0.000104335487704,0.000110549448349,0.000117289688783,0.000126957475604,0.000139173141633,0.000159107038443
0.450,0.751491466160000,0.085616560920185,0.000114672880656,0.000110620025591,0.000103398024407,0.000100154983748,0.000097841000440,0.000094059411742,0.000091361598825,0.000089513205088,0.000087705421160,0.000085955268088,0.000085295738459,0.000084986401808,0.000085126730371,0.000085379932164,0.000086057410450,0.000087558751207,0.000088308146378,0.000089151240877,0.000091412144446,0.000092499024428,0.000093941479363,0.000096944178000,0.000099826083537,0.000104816398480,0.000111059000969,0.000117830309013,0.000127542657305,0.000139814628677,0.000159840406266
0.451,0.685552373430000,0.150134650877067,0.000115110128562,0.000111041819953,0.000103792281266,0.000100536874887,0.000098214068356,0.000094418060453,0.000091709960770,0.000089854519104,0.000088039842093,0.000086283015685,0.000085620971268,0.000085310455115,0.000085451318752,0.000085705486003,0.000086385547515,0.000087892612888,0.000088644865503,0.000089491174724,0.000091760699122,0.000092851723380,0.000094299678398,0.000097313826330,0.000100206720578,0.000105216063602,0.000111482469145,0.000118279596199,0.000128028977694,0.000140347742115,0.000160449878031
0.452,0.617923403940000,0.214734804596790,0.000115329535979,0.000111253472908,0.000103990116127,0.000100728504731,0.000098401270779,0.000094598027438,0.000091884765940,0.000090025787681,0.000088207651777,0.000086447476743,0.000085784170426,0.000085473062410,0.000085614194542,0.000085868846252,0.000086550204006,0.000088060141943,0.000088813828402,0.000089661750743,0.000091935601002,0.000093028704823,0.000094479419739,0.000097499312833,0.000100397721126,0.000105416612285,0.000111694962006,0.000118505044828,0.000128273009280,0.000140615254070,0.000160755705969
0.453,0.549671036100000,0.279396115871614,0.000115473083329,0.000111391946900,0.000104119549627,0.000100853878598,0.000098523748005,0.000094715770876,0.000091999132260,0.000090137840185,0.000088317441299,0.000086555075426,0.000085890943511,0.000085579448267,0.000085720756062,0.000085975724731,0.000086657930551,0.000088169747864,0.000088924372415,0.000089773350140,0.000092050030596,0.000093144494972,0.000094597015550,0.000097620667418,0.000100522683277,0.000105547821305,0.000111833985507,0.000118652544642,0.000128432666998,0.000140790273825,0.000160955793963
0.454,0.481005544390000,0.344046651774603,0.000115558607135,0.000111474448060,0.000104196664570,0.000100928574859,0.000098596718482,0.000094785921019,0.000092067270356,0.000090204599736,0.000088382852593,0.000086619181444,0.000085954557647,0.000085642831698,0.000085784244151,0.000086039401659,0.000086722112747,0.000088235049770,0.000088990233225,0.000089839839736,0.000092118206388,0.000093213481367,0.000094667077737,0.000097692969039,0.000100597134242,0.000105625994080,0.000111916814057,0.000118740423280,0.000128527789170,0.000140894548516,0.000161075004014
0.455,0.412207906230000,0.408761043403939,0.000115635741343,0.000111548856132,0.000104266214795,0.000100995943668,0.000098662530799,0.000094849189668,0.000092128724332,0.000090264810399,0.000088441847258,0.000086676998876,0.000086011931450,0.000085699997427,0.000085841504271,0.000086096832094,0.000086779998884,0.000088293945779,0.000089049633310,0.000089899806925,0.000092179694364,0.000093275700428,0.000094730267059,0.000097758178113,0.000100664281817,0.000105696498369,0.000111991517405,0.000118819681318,0.000128613580177,0.000140988594210,0.000161182519959
0.456,0.343756727510000,0.474166550159378,0.000115860726099,0.000111765889308,0.000104469078622,0.000101192444745,0.000098854491911,0.000095033731415,0.000092307973052,0.000090440432625,0.000088613922666,0.000086845640537,0.000086179279133,0.000085866738201,0.000086008520366,0.000086264344963,0.000086948840945,0.000088465733425,0.000089222891247,0.000090074718989,0.000092359042253,0.000093457180742,0.000094914577428,0.000097948379686,0.000100860137602,0.000105902145002,0.000112209411837,0.000119050860854,0.000128863815049,0.000141262906322,0.000161496122047
0.457,0.275574211730000,0.540878192372189,0.000116312627061,0.000112201818847,0.000104876547819,0.000101587133823,0.000099240062082,0.000095404399165,0.000092668009306,0.000090793184760,0.000088959550717,0.000087184371614,0.000086515411147,0.000086201651186,0.000086343986355,0.000086600808766,0.000087287974543,0.000088810783481,0.000089570894507,0.000090426044701,0.000092719277696,0.000093821699344,0.000095284780432,0.000098330415674,0.000101253530555,0.000106315203705,0.000112647071283,0.000119515204557,0.000129366433011,0.000141813885463,0.000162126018436
0.458,0.207064849390000,0.608721132676841,0.000116884978410,0.000112753941725,0.000105392624493,0.000102087023943,0.000099728402728,0.000095873865275,0.000093124010185,0.000091239960000,0.000089397303007,0.000087613388600,0.000086941136311,0.000086625832399,0.000086768867972,0.000087026954155,0.000087717501339,0.000089247803717,0.000090011655099,0.000090871013317,0.000093175530857,0.000094283377302,0.000095753657921,0.000098814280130,0.000101751779080,0.000106838359718,0.000113201385160,0.000120103315154,0.000130003019548,0.000142511723442,0.000162923808389
0.459,0.137842060740000,0.677058967588930,0.000117432448457,0.000113282062675,0.000105886266241,0.000102565182801,0.000100195514192,0.000096322922719,0.000093560187758,0.000091667312991,0.000089816025296,0.000088023755326,0.000087348354319,0.000087031573575,0.000087175279103,0.000087434574119,0.000088128355712,0.000089665825776,0.000090433254912,0.000091296638223,0.000093611949745,0.000094724985161,0.000096202152333,0.000099277109994,0.000102228367706,0.000107338773053,0.000113731601861,0.000120665859362,0.000130611932346,0.000143179224956,0.000163686916757
0.460,0.067909826266000,0.745404032910701,0.000117884496891,0.000113718134474,0.000106293868411,0.000102960000680,0.000100581210189,0.000096693711431,0.000093920341506,0.000092020180243,0.000090161766138,0.000088362596944,0.000087684596024,0.000087366595855,0.000087510854567,0.000087771147722,0.000088467599982,0.000090010988435,0.000090781371739,0.000091648078587,0.000093972302746,0.000095089622719,0.000096572476148,0.000099659270655,0.000102621889038,0.000107751966552,0.000114169404131,0.000121130354597,0.000131114714331,0.000143730383901,0.000164317018704
0.461,0.003171593205500,0.813744610403255,0.000118262620899,0.000114082894539,0.000106634814546,0.000103290253166,0.000100903832513,0.000097003864290,0.000094221598557,0.000092315342374,0.000090450967257,0.000088646027083,0.000087965851421,0.000087646831240,0.000087791552674,0.000088052680740,0.000088751366927,0.000090299705922,0.000091072560292,0.000091942047172,0.000094273726468,0.000095394630334,0.000096882240135,0.000099978935784,0.000102951057004,0.000108097589654,0.000114535611680,0.000121518889955,0.000131535275326,0.000144191410671,0.000164844078762
0.462,0.000141133406200,0.881756956368890,0.000118539923739,0.000114350396734,0.000106884852442,0.000103532448716,0.000101140432371,0.000097231319481,0.000094442529877,0.000092531803894,0.000090663057179,0.000088853884771,0.000088172114230,0.000087852346009,0.000087997406786,0.000088259147147,0.000088959471617,0.000090511441166,0.000091286107729,0.000092157633387,0.000094494780017,0.000095618312185,0.000097109410141,0.000100213366939,0.000103192457205,0.000108351057473,0.000114804175409,0.000121803828113,0.000131843699958,0.000144529511479,0.000165230606058
0.463,0.000141374303980,0.949481041149698,0.000118742257157,0.000114545579132,0.000107067292053,0.000103709166176,0.000101313066946,0.000097397281670,0.000094603731936,0.000092689744573,0.000090817808133,0.000089005547685,0.000088322613443,0.000088002299416,0.000088147607795,0.000088409794915,0.000089111314754,0.000090665933329,0.000091441922156,0.000092314935403,0.000094656071261,0.000095781521164,0.000097275164246,0.000100384419124,0.000103368594340,0.000108535999719,0.000115000132353,0.000122011732623,0.000132068741325,0.000144776206003,0.000165512634865
0.464,0.000141571889360,0.994659546726366,0.038746240843315,0.000114705668562,0.000107216929794,0.000103854110586,0.000101454662556,0.000097533404561,0.000094735950549,0.000092819288188,0.000090944735521,0.000089129942249,0.000088446053535,0.000088125291836,0.000088270803298,0.000088533356853,0.000089235857139,0.000090792648456,0.000091569721808,0.000092443955183,0.000094788363024,0.000095915385860,0.000097411116464,0.000100524716852,0.000103513062765,0.000108687690134,0.000115160857069,0.000122182256784,0.000132253321207,0.000144978545897,0.000165743956088
0.465,0.000141833254460,0.996495852636310,0.101459901550236,0.000114917434180,0.000107414869963,0.000104045842434,0.000101641964627,0.000097713467341,0.000094910848767,0.000092990647931,0.000091112634529,0.000089294490850,0.000088609339564,0.000088287985686,0.000088433765786,0.000088696804058,0.000089400601276,0.000090960266687,0.000091738774645,0.000092614621999,0.000094963358004,0.000096092461511,0.000097590953481,0.000100710302089,0.000103704164982,0.000108888345568,0.000115373463039,0.000122407825419,0.000132497482691,0.000145246200248,0.000166049946817
0.466,0.000142332006800,1.000000000000000,0.164679090106213,0.000115321537853,0.000107792591097,0.000104411716485,0.000101999385514,0.000098057073787,0.000095244599890,0.000093317646726,0.000091433029347,0.000089608492220,0.000088920931621,0.000088598447711,0.000088744740443,0.000089008703681,0.000089714975781,0.000091280125708,0.000092061371265,0.000092940298510,0.000095297293774,0.000096430367739,0.000097934129110,0.000101064446814,0.000104068837535,0.000109271248135,0.000115779170325,0.000122838268826,0.000132963406072,0.000145756954108,0.000166633856422
0.467,0.000143093627840,0.961028156579407,0.228759076510693,0.000115938625405,0.000108369391124,0.000104970425393,0.000102545185997,0.000098581778892,0.000095754255398,0.000093816991074,0.000091922289075,0.000090087988818,0.000089396749070,0.000089072539543,0.000089219615090,0.000089484990800,0.000090195042174,0.000091768567246,0.000092553993261,0.000093437623661,0.000095807231248,0.000096946368311,0.000098458176336,0.000101605244424,0.000104625711692,0.000109855960481,0.000116398706676,0.000123495578536,0.000133674895567,0.000146536902101,0.000167525517081
0.468,0.000143942913740,0.899309872340933,0.293690683611338,0.000116626741580,0.000109012582559,0.000105593443368,0.000103153809749,0.000099166879123,0.000096322573779,0.000094373811450,0.000092467864061,0.000090622676909,0.000089927334531,0.000089601200764,0.000089749149230,0.000090016099991,0.000090730365645,0.000092313229866,0.000093103317523,0.000093992192425,0.000096375864050,0.000097521762093,0.000099042542965,0.000102208289456,0.000105246683730,0.000110507974968,0.000117089553514,0.000124228546559,0.000134468279631,0.000147406624440,0.000168519810550
0.469,0.000144733343030,0.836457808053868,0.359237341894431,0.000117267170415,0.000109611199997,0.000106173285392,0.000103720255088,0.000099711431153,0.000096851506963,0.000094892043455,0.000092975629995,0.000091120310424,0.000090421149734,0.000090093225078,0.000090241985970,0.000090510402629,0.000091228590508,0.000092820146662,0.000093614572904,0.000094508328857,0.000096905089865,0.000098057280342,0.000099586412231,0.000102769542689,0.000105824621604,0.000111114804008,0.000117732523774,0.000124910718952,0.000135206681155,0.000148216073898,0.000169445198196
0.470,0.000145409100640,0.772256286647190,0.425136053481893,0.000117814688914,0.000110122972896,0.000106669006724,0.000104204523262,0.000100176982193,0.000097303705064,0.000095335092853,0.000093409731690,0.000091545749662,0.000090843324603,0.000090513868872,0.000090663324325,0.000090932994218,0.000091654535305,0.000093253522408,0.000094051657813,0.000094949586697,0.000097357538143,0.000098515108179,0.000100051379560,0.000103249372002,0.000106318715030,0.000111633597209,0.000118282215000,0.000125493925055,0.000135837958936,0.000148908092321,0.000170236335054
0.471,0.000145970841460,0.706869609691847,0.491247965479467,0.000118269827689,0.000110548397225,0.000107081087777,0.000104607083583,0.000100563983419,0.000097679606316,0.000095703389012,0.000093770589842,0.000091899406925,0.000091194268274,0.000090863539798,0.000091013572624,0.000091284284299,0.000092008612825,0.000093613777096,0.000094414995837,0.000095316393579,0.000097733647363,0.000098895689294,0.000100437895560,0.000103648242407,0.000106729442845,0.000112064857345,0.000118739159911,0.000125978730064,0.000136362724760,0.000149483350359,0.000170893987828
0.472,0.000146428758700,0.640502573990793,0.557460813822828,0.000118640845576,0.000110895192629,0.000107417006072,0.000104935240813,0.000100879457258,0.000097986031732,0.000096003614943,0.000094064752493,0.000092187699589,0.000091480348886,0.000091148582900,0.000091299086385,0.000091570647295,0.000092297248073,0.000093907447818,0.000094711180020,0.000095615405487,0.000098040242307,0.000099205929618,0.000100752973856,0.000103973391708,0.000107064258013,0.000112416409954,0.000119111650114,0.000126373931131,0.000136790500896,0.000149952286501,0.000171430090124
0.473,0.000146789832290,0.573328328696092,0.623666689872091,0.000875349808699,0.000111168645233,0.000107681881936,0.000105193996979,0.000101128212407,0.000098227652084,0.000096240346922,0.000094296703499,0.000092415022035,0.000091705927101,0.000091373343024,0.000091524217631,0.000091796448174,0.000092524840651,0.000094139010932,0.000094944725029,0.000095851180194,0.000098281996335,0.000099450558074,0.000101001417115,0.000104229776084,0.000107328264048,0.000112693613675,0.000119405363395,0.000126685552218,0.000137127807841,0.000150322048636,0.000171852813629
0.474,0.000147056915080,0.505492759504502,0.689750658535622,0.051315434216548,0.000111370915591,0.000107877808159,0.000105385396518,0.000101312214288,0.000098406376420,0.000096415455375,0.000094468275509,0.000092583170343,0.000091872785217,0.000091539596007,0.000091690745129,0.000091963470992,0.000092693188773,0.000094310296022,0.000095117476109,0.000096025580561,0.000098460819551,0.000099631507477,0.000101185188292,0.000104419421231,0.000107523546867,0.000112898658699,0.000119622620388,0.000126916055450,0.000137377310664,0.000150595558262,0.000172165498290
0.475,0.000147243692910,0.437168570476696,0.755658419801675,0.114929935642300,0.000111512368428,0.000108014824381,0.000105519247113,0.000101440891511,0.000098531362923,0.000096537913197,0.000094588260207,0.000092700760758,0.000091989473368,0.000091655860972,0.000091807202069,0.000092080274323,0.000092810918923,0.000094430080069,0.000095238285360,0.000096147543201,0.000098585875202,0.000099758050025,0.000101313704179,0.000104552044936,0.000107660113140,0.000113042051932,0.000119774553763,0.000127077252259,0.000137551794373,0.000150786830543,0.000172384166675
0.476,0.000147387612290,0.368562241696759,0.821492286324314,0.178648934083458,0.000111621363188,0.000108120400561,0.000105622384058,0.000101540042177,0.000098627669748,0.000096632271579,0.000094680712953,0.000092791368619,0.000092079386000,0.000091745447523,0.000091896936545,0.000092170275706,0.000092901634455,0.000094522378206,0.000095331373455,0.000096241520026,0.000098682235309,0.000099855555843,0.000101412730529,0.000104654236515,0.000107765342616,0.000113152541840,0.000119891624173,0.000127201460495,0.000137686240668,0.000150934213067,0.000172552658934
0.477,0.000147664187250,0.300088672023780,0.888251249035060,0.242710193442766,0.000111830822271,0.000108323290037,0.000105820585971,0.000101730583517,0.000098812745980,0.000096813603417,0.000094858382664,0.000092965492948,0.000092252174283,0.000091917609166,0.000092069382459,0.000092343234545,0.000093075965699,0.000094699750799,0.000095510264140,0.000096422118614,0.000098867413933,0.000100042936220,0.000101603032967,0.000104850621685,0.000107967565821,0.000113364874201,0.000120116602519,0.000127440155853,0.000137944610865,0.000151217443274,0.000172876456463
0.478,0.000148288591380,0.231901980046257,0.957511660956518,0.307731993742775,0.000112303703533,0.000108781339554,0.000106268052700,0.000102160755501,0.000099230579767,0.000097222983748,0.000095259495263,0.000093358601384,0.000092642266422,0.000092306286582,0.000092458701655,0.000092733711736,0.000093469541274,0.000095100192617,0.000095914133246,0.000096829843535,0.000099285478887,0.000100465971918,0.000102032665599,0.000105293986880,0.000108424111144,0.000113844242265,0.000120624520546,0.000127979041829,0.000138527915364,0.000151856872495,0.000173607471717
0.479,0.000149195281250,0.163439606211139,0.988428473324816,0.374007612648921,0.000112990368835,0.000109446467854,0.000106917813858,0.000102785403165,0.000099837311281,0.000097817440096,0.000095841946135,0.000093929429506,0.000093208714614,0.000092870680473,0.000093024027466,0.000093300719058,0.000094041047723,0.000095681669455,0.000096500586811,0.000097421896082,0.000099892546073,0.000101080257064,0.000102656530074,0.000105937792249,0.000109087055220,0.000114540326976,0.000121362062321,0.000128761551796,0.000139374924944,0.000152785380121,0.000174668970343
0.480,0.000150136526520,0.094149548333263,0.994664284631367,0.441160143002871,0.000113703204049,0.000110136945256,0.000107592338453,0.000103433857149,0.000100467166302,0.000098434552125,0.000096446595140,0.000094522012800,0.000093796751052,0.000093456584316,0.000093610898747,0.000093889335935,0.000094634335195,0.000096285307305,0.000097109391058,0.000098036512698,0.000100522749560,0.000101717953599,0.000103304171022,0.000106606134069,0.000109775265155,0.000115262940587,0.000122127712991,0.000129573884469,0.000140254215414,0.000153749274657,0.000175770924378
0.481,0.000150941909580,0.023956203881602,1.000000000000000,0.508667232459336,0.000114313146456,0.000110727757046,0.000108169500112,0.000103988711310,0.000101006106130,0.000098962588324,0.000096963967266,0.000095029060816,0.000094299908519,0.000093957917014,0.000094113059240,0.000094392990058,0.000095141985747,0.000096801814229,0.000097630318645,0.000098562413679,0.000101061987556,0.000102263603073,0.000103858329502,0.000107178005395,0.000110364136771,0.000115881249949,0.000122782847311,0.000130268962569,0.000141006586418,0.000154574037718,0.000176713819010
0.482,0.000151623634400,0.000137727293696,0.979046308729784,0.576404290286488,0.000114829438514,0.000111227855795,0.000108658044567,0.000104458373352,0.000101462297321,0.000099409550026,0.000097401902253,0.000095458256853,0.000094725811360,0.000094382275260,0.000094538118182,0.000094819313299,0.000095571691806,0.000097239016856,0.000098071263189,0.000099007568003,0.000101518431134,0.000102725473713,0.000104327402679,0.000107662071793,0.000110862593240,0.000116404624302,0.000123337392531,0.000130857318614,0.000141643438634,0.000155272166941,0.000177511941922
0.483,0.000152198168660,0.000138249171760,0.915524718150374,0.644271118113638,0.000115264551726,0.000111649321842,0.000109069773052,0.000104854188387,0.000101846759586,0.000099786233994,0.000097770978816,0.000095819968529,0.000095084747644,0.000094739909813,0.000094896343256,0.000095178603882,0.000095933833311,0.000097607476211,0.000098442876103,0.000099382728775,0.000101903106102,0.000103114722423,0.000104722721439,0.000108070026325,0.000111282675229,0.000116845706228,0.000123804744193,0.000131353164879,0.000142180155806,0.000155860526268,0.000178184572496
0.484,0.000152684964790,0.000138691352914,0.851018066268769,0.712224569197905,0.000115633218039,0.000112006425073,0.000109418625761,0.000105189557818,0.000102172509948,0.000100105393895,0.000098083693052,0.000096126442584,0.000095388870142,0.000095042929369,0.000095199863154,0.000095483026573,0.000096240671555,0.000097919667495,0.000098757739360,0.000099700598091,0.000102229036684,0.000103444528282,0.000105057670380,0.000108415681407,0.000111638605764,0.000117219429762,0.000124200725767,0.000131773289595,0.000142634909961,0.000156359036216,0.000178754484480
0.485,0.000153085929260,0.000139055568899,0.785640927063981,0.780160766558206,0.001959333293716,0.000112300564034,0.000109705968928,0.000105465795071,0.000102440824161,0.000100368279676,0.000098341269665,0.000096378879281,0.000095639369906,0.000095292520662,0.000095449866570,0.000095733773601,0.000096493408227,0.000098176813362,0.000099017086079,0.000099962420842,0.000102497499342,0.000103716182931,0.000105333561285,0.000108700390752,0.000111931778798,0.000117527258543,0.000124526888060,0.000132119338122,0.000143009482082,0.000156769649128,0.000179223909857
0.486,0.000153395859490,0.000139337093952,0.719482623701684,0.847939826712004,0.064788902090581,0.000112527922223,0.000109928074227,0.000105679315923,0.000102648220807,0.000100571480350,0.000098540366554,0.000096574003211,0.000095832996663,0.000095485445204,0.000095643109667,0.000095927591483,0.000096688764027,0.000098375577301,0.000099217551193,0.000100164799834,0.000102705010729,0.000103926161605,0.000105546814424,0.000108920460207,0.000112158390363,0.000117765198440,0.000124778999062,0.000132386820425,0.000143299012034,0.000157087037236,0.000179586757755
0.487,0.000153618551030,0.000139539375762,0.652679901118773,0.915466508294722,0.127811401751206,0.000112691283975,0.000110087661665,0.000105832735251,0.000102797239760,0.000100717484407,0.000098683421954,0.000096714203954,0.000095972121654,0.000095624065640,0.000095781958991,0.000096066853801,0.000096829131374,0.000098518393469,0.000099361589691,0.000100310213495,0.000102854112126,0.000104077035801,0.000105700041393,0.000109078584847,0.000112321215649,0.000117936163377,0.000124960146243,0.000132579012215,0.000143507045534,0.000157315087421,0.000179847471778
0.488,0.000153739413630,0.000139649161277,0.585292803129278,0.981700040367325,0.190878269874571,0.000112779946193,0.000110174275429,0.000105916001363,0.000102878117633,0.000100796725990,0.000098761063195,0.000096790295872,0.000096047629723,0.000095699299868,0.000095857317445,0.000096142436403,0.000096905313713,0.000098595904870,0.000099439764495,0.000100389134649,0.000102935034745,0.000104158920580,0.000105783203106,0.000109164404699,0.000112409586709,0.000118028952114,0.000125058461245,0.000132683321519,0.000143619952697,0.000157438858349,0.000179988970529
0.489,0.000153788238190,0.000139693511055,0.517556509054859,0.995558724007698,0.253925195680363,0.000112815762846,0.000110209264574,0.000105949638165,0.000102910789663,0.000100828737012,0.000098792427731,0.000096821034532,0.000096078132527,0.000095729692050,0.000095887759810,0.000096172969316,0.000096936088901,0.000098627216956,0.000099471344573,0.000100421016228,0.000102967724851,0.000104191999368,0.000105816797733,0.000109199073129,0.000112445285743,0.000118066435746,0.000125098177308,0.000132725459086,0.000143665563518,0.000157488857778,0.000180046131422
0.490,0.000153947211860,0.000139837914752,0.450099132764857,0.996587850957574,0.317239099468744,0.000112932382531,0.000110323189874,0.000106059160213,0.000103017170399,0.000100932965492,0.000098894551242,0.000096921120178,0.000096177450222,0.000095828649556,0.000095986880714,0.000096272385045,0.000097036293481,0.000098729169685,0.000099574169893,0.000100524823240,0.000103074164442,0.000104299704513,0.000105926182462,0.000109311954176,0.000112561522459,0.000118188483146,0.000125227493546,0.000132862659782,0.000143814073197,0.000157651656845,0.000180232248349
0.491,0.000154474301200,0.000140316696233,0.383415018209105,1.000000000000000,0.381592566938505,0.000113319043999,0.000110700917906,0.000106422288925,0.000103369883850,0.000101278542976,0.000099233149539,0.000097252961779,0.000096506745623,0.000096156750722,0.000096315523636,0.000096602005487,0.000097368529416,0.000099067201743,0.000099915095089,0.000100869003314,0.000103427073031,0.000104656809145,0.000106288855881,0.000109686219907,0.000112946914165,0.000118593140618,0.000125656251405,0.000133317559165,0.000144306468376,0.000158191429581,0.000180849333230
0.492,0.000155342107540,0.000141104967924,0.316948772053501,0.991934011191316,0.447358996622418,0.000113955648173,0.000111322813960,0.000107020148481,0.000103950595592,0.000101847505976,0.000099790621919,0.000097799309853,0.000097048901600,0.000096696940496,0.000096856605366,0.000097144696615,0.000097915526725,0.000099623741861,0.000100476398506,0.000101435665599,0.000104008106051,0.000105244750581,0.000106885965835,0.000110302415587,0.000113581427786,0.000119259373632,0.000126362163591,0.000134066511076,0.000145117153825,0.000159080118020,0.000181865309329
0.493,0.000156280783800,0.000141957614291,0.249840949021852,0.931331681673206,0.514069392060955,0.011494231603224,0.000111995497525,0.000107666832592,0.000104578731504,0.000102462933676,0.000100393620611,0.000098390275766,0.000097635333067,0.000097281245189,0.000097441874856,0.000097731706936,0.000098507194895,0.000100225732158,0.000101083541099,0.000102048604697,0.000104636589477,0.000105880706604,0.000107531839129,0.000110968933253,0.000114267759338,0.000119980014961,0.000127125724514,0.000134876626589,0.000145994044382,0.000160041381727,0.000182964255720
0.494,0.000157121547560,0.000142721321860,0.181790688341314,0.868534641329018,0.581198410471831,0.074516241233581,0.000112598014055,0.000108246061649,0.000105141347107,0.000103014166651,0.000100933721038,0.000098919598541,0.000098160594380,0.000097804601570,0.000097966095397,0.000098257486725,0.000099037146675,0.000100764929373,0.000101627353179,0.000102597608653,0.000105199516347,0.000106450326610,0.000108110341944,0.000111565927044,0.000114882500246,0.000120625486823,0.000127809639066,0.000135602239662,0.000146779467252,0.000160902376858,0.000183948571973
0.495,0.000157824936800,0.000143360245316,0.112899493224030,0.804311828471601,0.648439871131520,0.138098803962202,0.000113102083884,0.000108730649003,0.000105612035523,0.000103475332274,0.000101385573088,0.000099362433927,0.000098600031917,0.000098242445427,0.000098404662217,0.000098697358022,0.000099480508291,0.000101216025790,0.000102082310425,0.000103056909463,0.000105670465169,0.000106926874961,0.000108594321719,0.000112065376508,0.000115396797081,0.000121165493403,0.000128381807087,0.000136209292976,0.000147436557889,0.000161622691814,0.000184772058301
0.496,0.000158398903100,0.000143881607473,0.043351558535389,0.738878190641929,0.715672744728700,0.202073053436691,0.000113513405351,0.000109126072753,0.000105996117725,0.000103851643868,0.000101754284797,0.000099723788031,0.000098958613372,0.000098599726438,0.000098762533165,0.000099056293425,0.000099842291799,0.000101584120902,0.000102453555979,0.000103431699367,0.000106054759864,0.000107315738875,0.000108989249684,0.000112472927753,0.000115816463795,0.000121606139294,0.000128848696745,0.000136704649068,0.000147972744485,0.000162210469514,0.000185444023941
0.497,0.000158866812620,0.000144306632979,0.000133434460060,0.672500200857219,0.782853152156037,0.266329493937645,0.000113848723349,0.000109448430593,0.000106309229694,0.000104158421074,0.000102054866415,0.000100018371572,0.000099250936591,0.000098890989507,0.000099054277165,0.000099348905191,0.000100137225400,0.000101884199856,0.000102756203240,0.000103737236059,0.000106368045062,0.000107632748999,0.000109311203350,0.000112805172185,0.000116158585015,0.000121965363185,0.000129229315112,0.000137108473877,0.000148409855188,0.000162689638381,0.000185991824604
0.498,0.000159265194500,0.000144668503069,0.000133769066578,0.605454036038302,0.850045748683747,0.330821180996532,0.000114134215754,0.000109722888617,0.000106575815711,0.000104419613622,0.000102310783991,0.000100269182338,0.000099499822901,0.000099138973196,0.000099302670322,0.000099598037171,0.000100388334209,0.000102139689461,0.000103013879521,0.000103997372424,0.000106634778568,0.000107902653935,0.000109585317257,0.000113088047732,0.000116449869738,0.000122271209257,0.000129553376611,0.000137452293525,0.000148782014711,0.000163097606558,0.000186458226438
0.499,0.000159568782100,0.000144944266796,0.000134024054053,0.537739392608527,0.917019902247058,0.395392588567072,0.000114351775735,0.000109932039829,0.000106778968046,0.000104618655854,0.000102505806421,0.000100460313115,0.000099689487143,0.000099327949595,0.000099491958757,0.000099787888627,0.000100579692111,0.000102334385755,0.000103210242176,0.000104195609790,0.000106838043296,0.000108108335458,0.000109794206233,0.000113303613532,0.000116671843764,0.000122504279785,0.000129800328237,0.000137714301882,0.000149065619518,0.000163408499413,0.000186813648762
0.500,0.000159847589480,0.000145197521416,0.000134258228275,0.469695064005159,0.982044300801482,0.460135965172498,0.000114551577466,0.000110124119154,0.000106965538150,0.000104801451342,0.000102684910222,0.000100635842917,0.000099863670115,0.000099501500869,0.000099665796596,0.000099962243532,0.000100755430498,0.000102513190040,0.000103390576806,0.000104377666108,0.000107024716620,0.000108297228306,0.000109986044728,0.000113501583857,0.000116875699247,0.000122718326022,0.000130027122532,0.000137954923908,0.000149326075193,0.000163694015759,0.000187140059876
0.501,0.000160348282510,0.000145652325815,0.000134678767361,0.401966321122030,0.985120373067574,0.525830413571237,0.000114910389111,0.000110469062604,0.000107300587929,0.000105129722518,0.000103006551724,0.000100951066095,0.000100176474605,0.000099813170930,0.000099977981283,0.000100275356784,0.000101071028262,0.000102834293661,0.000103714428678,0.000104704609856,0.000107359951764,0.000108636449358,0.000110330555685,0.000113857106590,0.000117241790773,0.000123102718497,0.000130434408461,0.000138387042210,0.000149793811524,0.000164206757008,0.000187726241525
0.502,0.000161041706830,0.000146282197638,0.000135261184155,0.334197560698144,0.989380514915733,0.592642469005311,0.022393635942264,0.000110946784806,0.000107764608098,0.000105584354805,0.000103452002383,0.000101387627829,0.000100609686627,0.000100244811850,0.000100410334924,0.000100708996421,0.000101508108772,0.000103278999391,0.000104162940543,0.000105157403748,0.000107824228651,0.000109106246445,0.000110807678915,0.000114349480350,0.000117748801561,0.000123635074800,0.000130998470573,0.000138985495396,0.000150441593154,0.000164916867257,0.000188538061517
0.503,0.000161932675080,0.000147091508445,0.000136009520862,0.266162782079164,0.994854293346690,0.660814072964530,0.086616594339992,0.000111560601342,0.000108360819143,0.000106168503531,0.000104024353803,0.000101948558032,0.000101166312846,0.000100799419388,0.000100965858224,0.000101266172075,0.000102069705539,0.000103850393667,0.000104739225250,0.000105739190353,0.000108420769549,0.000109709880146,0.000111420725844,0.000114982122405,0.000118400250466,0.000124319089695,0.000131723223685,0.000139754436971,0.000151273915946,0.000165829274953,0.000189581154204
0.504,0.000162770243000,0.000147852313074,0.000136713005884,0.197294263475348,1.000000000000000,0.729455677353545,0.151496958843125,0.000112137628683,0.000108921296180,0.000106717641206,0.000104562401245,0.000102475868791,0.000101689577581,0.000101320786432,0.000101488086142,0.000101789953314,0.000102597642912,0.000104387541331,0.000105280970237,0.000106286107482,0.000108981556668,0.000110277334960,0.000111997029703,0.000115576846954,0.000119012654674,0.000124962108044,0.000132404538598,0.000140477291904,0.000152056353333,0.000166686997342,0.000190561728958
0.505,0.000163457697250,0.000148476761985,0.000137290408333,0.127585652422953,0.939368964136468,0.798035638148507,0.216839527026900,0.000112611237912,0.000109381321345,0.000107168359314,0.000105004016775,0.000102908671926,0.000102119059844,0.000101748711118,0.000101916717413,0.000102219859510,0.000103030960356,0.000104828418346,0.000105725620618,0.000106735003023,0.000109441836342,0.000110743087307,0.000112470045118,0.000116064981598,0.000119515300328,0.000125489881000,0.000132963744391,0.000141070592680,0.000152698557856,0.000167390993862,0.000191366559546
0.506,0.000164022489610,0.000148989790996,0.000137764785343,0.057235562643161,0.875436848715397,0.866518524940103,0.282515061013650,0.000113000341441,0.000109759264603,0.000107538656165,0.000105366835213,0.000103264250358,0.000102471909944,0.000102100281559,0.000102268868363,0.000102573057901,0.000103386961329,0.000105190630043,0.000106090932400,0.000107103802506,0.000109819988696,0.000111125735849,0.000112858660786,0.000116466018784,0.000119928259336,0.000125923483866,0.000133423171559,0.000141558031291,0.000153226174361,0.000167969376869,0.000192027784882
0.507,0.000164495407880,0.000149419366199,0.000138161996019,0.000980933226556,0.810589363837646,0.934936695646316,0.348453134599618,0.000113326149970,0.000110075728288,0.000107848717275,0.000105670634415,0.000103561987277,0.000102767362345,0.000102394662462,0.000102563735344,0.000102868801937,0.000103685052054,0.000105493921201,0.000106396819357,0.000107412609824,0.000110136627464,0.000111446139416,0.000113184060814,0.000116801819735,0.000120274042802,0.000126286553078,0.000133807864266,0.000141966178853,0.000153667964126,0.000168453675012,0.000192581449493
0.508,0.000164926694880,0.000149811125647,0.000138524240008,0.000133628412289,0.745166400121593,0.991345633133008,0.414650947388270,0.000113623277384,0.000110364333492,0.000108131483526,0.000105947689997,0.000103833514241,0.000103036805899,0.000102663128842,0.000102832645013,0.000103138511454,0.000103956901680,0.000105770513462,0.000106675778908,0.000107694232653,0.000110425392338,0.000111738337671,0.000113480815688,0.000117108059934,0.000120589386748,0.000126617661097,0.000134158692250,0.000142338396948,0.000154070862883,0.000168895340108,0.000193086374686
0.509,0.000165321264370,0.000150169532753,0.000138855644447,0.000133948103983,0.679239298504242,0.993717321553094,0.481083351901414,0.000113895108931,0.000110628368364,0.000108390176543,0.000106201158521,0.000104081924826,0.000103283310445,0.000102908739405,0.000103078661125,0.000103385259319,0.000104205607456,0.000106023558110,0.000106930989307,0.000107951879595,0.000110689573286,0.000112005659701,0.000113752306410,0.000117388228451,0.000120877883967,0.000126920580319,0.000134479652582,0.000142678926350,0.000154439460955,0.000169299404158,0.000193548313200
0.510,0.000165685607180,0.000150500483461,0.000139161661074,0.000134243305141,0.612877183469167,0.995907322723540,0.547728203204383,0.000114146116351,0.000110872176386,0.000108629051933,0.000106435209650,0.000104311305488,0.000103510931082,0.000103135534545,0.000103305830747,0.000103613104636,0.000104435260695,0.000106257217835,0.000107166648871,0.000108189789045,0.000110933516196,0.000112252503064,0.000114002999115,0.000117646934173,0.000121144280357,0.000127200293887,0.000134776025191,0.000142993368906,0.000154779821933,0.000169672514180,0.000193974864113
0.511,0.000166031434970,0.000150814616055,0.000139452126676,0.000134523504890,0.546143145434081,0.997986033342455,0.614594744097054,0.000114384368182,0.000111103594676,0.000108855788254,0.000106657366867,0.000104529029579,0.000103726984589,0.000103350804505,0.000103521456158,0.000103829371406,0.000104653243512,0.000106479003537,0.000107390332787,0.000108415608513,0.000111165062516,0.000112486802444,0.000114240952224,0.000117892493096,0.000121397139126,0.000127465793090,0.000135057336862,0.000143291832252,0.000155102886589,0.000170026663654,0.000194379738741
0.512,0.000166366491530,0.000151118964605,0.000139733545372,0.000134794977475,0.479107357961639,1.000000000000000,0.681699286059924,0.000114615199367,0.000111327805159,0.000109075462594,0.000106872604725,0.000104739972387,0.000103936308846,0.000103559369618,0.000103730365651,0.000104038902282,0.000104864436987,0.000106693881453,0.000107607049793,0.000108634394557,0.000111389397043,0.000112713804283,0.000114471493991,0.000118130403785,0.000121642122300,0.000127723022994,0.000135329886736,0.000143580999592,0.000155415889001,0.000170369782709,0.000194772003053
0.513,0.000166675016590,0.000151399213273,0.000139992679889,0.000135044953465,0.411731575616488,0.947324860073382,0.748939753498755,0.000114827752153,0.000111534261504,0.000109277741991,0.000107070798943,0.000104934211659,0.000104129057732,0.000103751419474,0.000103922732618,0.000104231841426,0.000105058907078,0.000106891744231,0.000107806606033,0.000108835855998,0.000111595967610,0.000112922830950,0.000114683780277,0.000118349475484,0.000121867706447,0.000127959884113,0.000135580854711,0.000143847269176,0.000155704106274,0.000170685731834,0.000195133205861
0.514,0.000166965956320,0.000151663488310,0.000140237044242,0.000135280681309,0.344066832945821,0.882068639068686,0.816338493566863,0.000115028189842,0.000111728950237,0.000109468491855,0.000107257696476,0.000105117379670,0.000104310820305,0.000103932522861,0.000104104135040,0.000104413783414,0.000105242292751,0.000107078329214,0.000107994787954,0.000109025834527,0.000111790764055,0.000113119943502,0.000114883966656,0.000118556060521,0.000122080432735,0.000128183244608,0.000135817517998,0.000144098361910,0.000155975895721,0.000170983672472,0.000195473820810
0.515,0.000167230207660,0.000151903520954,0.000140458992642,0.000135494785442,0.276119706560611,0.816453845423614,0.883826513048167,0.000115210241046,0.000111905779847,0.000109641743914,0.000107427449584,0.000105283745371,0.000104475909492,0.000104097013330,0.000104268897114,0.000104579035557,0.000105408856148,0.000107247798444,0.000108165707631,0.000109198386007,0.000111967691495,0.000113298974589,0.000115065789602,0.000118743695165,0.000122273645283,0.000128386115869,0.000136032471764,0.000144326421487,0.000156222753466,0.000171254282514,0.000195783190578
0.516,0.000167470892120,0.000152122146629,0.000140661146889,0.000135689795002,0.207926863949437,0.750521660407690,0.951400053289997,0.000115376056272,0.000112066839159,0.000109799544734,0.000107582063502,0.000105435273984,0.000104626275435,0.000104246833950,0.000104418965116,0.000104729549923,0.000105560564825,0.000107402153801,0.000108321384081,0.000109355548729,0.000112128839912,0.000113462039044,0.000115231396928,0.000118914595881,0.000122449626445,0.000128570894345,0.000136228255184,0.000144534141894,0.000156447595554,0.000171500758585,0.000196064969642
0.517,0.000167685136920,0.000152316755844,0.000140841094096,0.000135863382380,0.139514871472549,0.684288691272444,0.995675844425848,0.000115523656370,0.000112210205789,0.000109940010825,0.000107719692779,0.000105570156882,0.000104760123384,0.000104380196481,0.000104552547854,0.000104863529991,0.000105695608007,0.000107539552920,0.000108459959167,0.000109495446817,0.000112272285860,0.000113607190547,0.000115378811964,0.000119066722818,0.000122606275732,0.000128735374543,0.000136402531411,0.000144719043807,0.000156647738298,0.000171720158776,0.000196315794724
0.518,0.000167857592210,0.000152473405567,0.000140985941708,0.000136003110679,0.070897018621679,0.617725307581866,0.996699844337265,0.042395684583069,0.000112325608048,0.000110053078308,0.000107830476782,0.000105678730202,0.000104867863628,0.000104487545990,0.000104660074617,0.000104971376583,0.000105804310347,0.000107650151659,0.000108571504495,0.000109608057090,0.000112387751965,0.000113724029531,0.000115497472966,0.000119189176641,0.000122732369798,0.000128867772064,0.000136542814197,0.000144867879685,0.000156808842207,0.000171896763873,0.000196517695131
0.519,0.000168012288180,0.000152613923616,0.000141115873019,0.000136128449860,0.002150374443753,0.550963001263428,0.997618393506316,0.107531438150282,0.000112429126267,0.000110154502185,0.000107929852330,0.000105776122720,0.000104964508859,0.000104583840724,0.000104756528352,0.000105068117211,0.000105901818599,0.000107749361021,0.000108671562967,0.000109709070839,0.000112491327455,0.000113828836522,0.000115603914346,0.000119299020260,0.000122845478790,0.000128986535384,0.000136668650764,0.000145001388553,0.000156953355754,0.000172055182305,0.000196698803980
0.520,0.000168177280800,0.000152763794625,0.000141254452631,0.000136262131687,0.000127366045548,0.484113746549262,0.998598081820181,0.172797645751099,0.000112539534715,0.000110262676891,0.000108035842370,0.000105879997739,0.000105067586852,0.000104686544890,0.000104859402102,0.000105171296949,0.000106005817055,0.000107855173814,0.000108778281387,0.000109816808120,0.000112601796987,0.000113940619524,0.000115717440522,0.000119416175131,0.000122966116379,0.000129113203658,0.000136802863082,0.000145143783846,0.000157107488202,0.000172224145157,0.000196891967536
0.521,0.000168413382580,0.000152978257623,0.000141452757821,0.000136453428227,0.000127544852994,0.417308463549645,1.000000000000000,0.238284779245122,0.000112697527426,0.000110417473152,0.000108187512409,0.000106028641217,0.000105215089797,0.000104833512896,0.000105006612780,0.000105318945492,0.000106154637169,0.000108006590214,0.000108930993726,0.000109970978432,0.000112759877107,0.000114100579198,0.000115879894651,0.000119583821862,0.000123138746825,0.000129294463915,0.000136994918747,0.000145347549216,0.000157328049252,0.000172465928274,0.000197168381472
0.522,0.000168768102780,0.000153300467636,0.000141750692283,0.000136740832865,0.000127813493972,0.350560354698993,0.958769490912226,0.304176189781709,0.000112934896267,0.000110650039635,0.000108415382044,0.000106251963736,0.000105436698776,0.000105054318179,0.000105227782654,0.000105540773216,0.000106378225066,0.000108234078782,0.000109160429316,0.000110202604487,0.000112997377272,0.000114340903213,0.000116123966344,0.000119835694941,0.000123398107454,0.000129566790006,0.000137283463898,0.000145653687071,0.000157659421001,0.000172829184137,0.000197583666805
0.523,0.000169196694070,0.000153689778436,0.000142110672108,0.000137088090013,0.000128138079894,0.283646843325059,0.894219568563705,0.370508315890501,0.000113221697577,0.000110931038488,0.000108690705921,0.000106521793553,0.000105704458204,0.000105321106542,0.000105495011534,0.000105808796945,0.000106648375527,0.000108508942235,0.000109437645262,0.000110482467066,0.000113284337254,0.000114631275116,0.000116418866386,0.000120140021021,0.000123711480380,0.000129895828472,0.000137632099073,0.000146023578659,0.000158059801485,0.000173268088656,0.000198085436021
0.524,0.000169645066470,0.000154097057403,0.000142487266364,0.000137451374392,0.000128477646685,0.216420037712206,0.829437335982613,0.437211873829952,0.000113521735852,0.000111225006501,0.000108978737038,0.000106804077036,0.000105984575744,0.000105600208196,0.000105774574039,0.000106089190983,0.000106930994453,0.000108796491677,0.000109727655773,0.000110775246361,0.000113584541525,0.000114935048782,0.000116727377181,0.000120458392901,0.000124039316651,0.000130240053308,0.000137996825079,0.000146410542145,0.000158478661043,0.000173727250279,0.000198610363785
0.525,0.000170062991100,0.000154476679146,0.000142838287112,0.000137789989100,0.000128794154403,0.148807255331360,0.764163323591138,0.504180186482907,0.000113801399331,0.000111499011933,0.000109247208732,0.000107067191404,0.000106245671250,0.000105860356805,0.000106035152201,0.000106350544211,0.000107194421485,0.000109064514405,0.000109997972446,0.000111048143799,0.000113864359727,0.000115218193991,0.000117014937833,0.000120755144998,0.000124344890439,0.000130560902757,0.000138336783519,0.000146771227975,0.000158869076969,0.000174155231466,0.000199099645110
0.526,0.000170443366100,0.000154822192690,0.000143157769400,0.000138098180005,0.000129082224583,0.080834227904946,0.698404588059185,0.571346479687300,0.000114055935647,0.000111748398565,0.000109491558821,0.000107306665511,0.000106483307887,0.000106097131619,0.000106272317976,0.000106588415414,0.000107434180164,0.000109308455867,0.000110244001746,0.000111296521987,0.000114119036864,0.000115475899211,0.000117276661778,0.000121025234557,0.000124623009078,0.000130852924573,0.000138646197423,0.000147099506958,0.000159224414864,0.000174544759462,0.000199544965558
0.527,0.000170793880970,0.000155140582792,0.000143452171746,0.000138382177363,0.000129347680730,0.012561649465249,0.632223780914680,0.638688214598797,0.000114290490399,0.000111978207893,0.000109716726983,0.000107527340464,0.000106702289615,0.000106315319180,0.000106490865805,0.000106807613295,0.000107655117350,0.000109533247480,0.000110470717299,0.000111525402036,0.000114353721383,0.000115713374102,0.000117517839917,0.000121274121594,0.000124879294898,0.000131122022144,0.000138931321772,0.000147402015444,0.000159551858086,0.000174903708801,0.000199955327541
0.528,0.000171108557350,0.000155426419010,0.000143716472843,0.000138637137332,0.000129585995239,0.000125521578595,0.565655546473854,0.706165418645731,0.000114501063035,0.000112184520303,0.000109918872764,0.000107725452446,0.000106898881495,0.000106511198093,0.000106687068152,0.000107004399227,0.000107853464752,0.000109735055212,0.000110674252257,0.000111730880181,0.000114564410519,0.000115926568307,0.000117734358730,0.000121497561107,0.000125109376703,0.000131363605759,0.000139187293504,0.000147673593866,0.000159845821786,0.000175225957266,0.000200323731949
0.529,0.000171387377140,0.000155679684903,0.000143950657488,0.000138863045248,0.000129797154404,0.000125726114831,0.498735684038340,0.773720475349730,0.000114687641444,0.000112367323927,0.000110097984537,0.000107900990061,0.000107073072220,0.000106684757092,0.000106860913729,0.000107178761892,0.000108029210962,0.000109913867456,0.000110854594914,0.000111912944602,0.000114751092151,0.000116115469563,0.000117926205764,0.000121695540244,0.000125313241260,0.000131577661523,0.000139414097893,0.000147914226602,0.000160106289054,0.000175511486321,0.000200650157592
0.530,0.000171625531870,0.000155896012697,0.000144150686980,0.000139056005147,0.000129977516615,0.000125900820048,0.431492848617514,0.841284568774743,0.000114847007931,0.000112523466171,0.000110250973375,0.000108050926022,0.000107221857732,0.000106833003013,0.000107009404432,0.000107327694267,0.000108179325095,0.000110066600451,0.000111008635115,0.000112068455455,0.000114910546808,0.000116276820117,0.000118090072463,0.000121864644696,0.000125487372760,0.000131760497873,0.000139607823519,0.000148119763750,0.000160328767924,0.000175755371788,0.000200928975000
0.531,0.000171819397950,0.000156072110907,0.000144313517815,0.000139213081092,0.000130124337611,0.000126043036059,0.363967654592950,0.908806627427273,0.003640163515275,0.000112650571288,0.000110375511512,0.000108172979013,0.000107342974218,0.000106953680253,0.000107130280932,0.000107448930304,0.000108301523124,0.000110190930322,0.000111134029098,0.000112195046597,0.000115040348342,0.000116408164976,0.000118223465549,0.000122002301493,0.000125629121746,0.000131909332903,0.000139765522791,0.000148287078005,0.000160509873319,0.000175953902885,0.000201155941887
0.532,0.000171968863080,0.000156207877524,0.000144439055670,0.000139334182094,0.000130237532345,0.000126152680482,0.296202026711340,0.976231006614329,0.059503313392895,0.000112748565650,0.000110471526807,0.000108267078333,0.000107436351518,0.000107046718908,0.000107223473212,0.000107542399776,0.000108395734263,0.000110286785051,0.000111230704224,0.000112292644700,0.000115140421563,0.000116509428057,0.000118326307754,0.000122108430894,0.000125738406106,0.000132024080399,0.000139887104360,0.000148416072447,0.000160649500331,0.000176106964607,0.000201330926780
0.533,0.000172047207700,0.000156279041841,0.000144504858413,0.000139397659187,0.000130296865237,0.000126210152419,0.228234190081184,0.999874214382493,0.124774128794214,0.000112799931015,0.000110521854812,0.000108316402047,0.000107485296775,0.000107095486658,0.000107272321487,0.000107591393345,0.000108445116590,0.000110337028892,0.000111281378091,0.000112343802359,0.000115192876597,0.000116562506775,0.000118380214196,0.000122164060375,0.000125795689311,0.000132084227197,0.000139950833351,0.000148483687018,0.000160722688138,0.000176187194440,0.000201422648006
0.534,0.000172068851480,0.000156298701964,0.000144523037327,0.000139415195608,0.000130313256765,0.000126226029834,0.160151556155097,1.000000000000000,0.190041740527683,0.000112814121405,0.000110535758617,0.000108330028402,0.000107498818576,0.000107108959420,0.000107285816495,0.000107604928494,0.000108458759138,0.000110350909445,0.000111295377445,0.000112357935367,0.000115207368022,0.000116577170502,0.000118395106593,0.000122179428786,0.000125811514586,0.000132100843578,0.000139968439362,0.000148502366474,0.000160742907278,0.000176209359036,0.000201447987258
0.535,0.000172007245970,0.000156242742613,0.000144471293997,0.000139365281030,0.000130266600938,0.000126180837349,0.092005408050561,0.999641971685822,0.255190742901571,0.000112773730762,0.000110496183692,0.000108291243192,0.000107460330962,0.000107070611387,0.000107247405142,0.000107566402889,0.000108419927838,0.000110311400702,0.000111255530555,0.000112317708052,0.000115166120530,0.000116535432582,0.000118352717800,0.000122135685098,0.000125766470509,0.000132053547744,0.000139918326706,0.000148449198431,0.000160685356776,0.000176146271108,0.000201375863187
0.536,0.000171851312840,0.000156101100790,0.000144340323578,0.000139238939466,0.000130148507780,0.000126066448139,0.023896764457267,0.998735746540190,0.320128819811465,0.000112671495762,0.000110396013402,0.000108193071790,0.000107362912823,0.000106973546548,0.000107150180031,0.000107468888591,0.000108321639777,0.000110211397927,0.000111154671879,0.000112215886459,0.000115061716709,0.000116429787411,0.000118245425171,0.000122024963021,0.000125652456944,0.000131933834630,0.000139791483779,0.000148314621844,0.000160539687502,0.000175986585745,0.000201193305944
0.537,0.000171664802540,0.000155931684201,0.000144183670966,0.000139087823388,0.000130007257552,0.000125929628172,0.000123020146819,0.997651818206166,0.384880075483479,0.000112549213342,0.000110276200563,0.000108075649805,0.000107246391810,0.000106857448115,0.000107033889897,0.000107352252562,0.000108204078257,0.000110091785451,0.000111034035668,0.000112094098512,0.000114936840181,0.000116303426116,0.000118117093362,0.000121892529278,0.000125516086281,0.000131790646785,0.000139639768025,0.000148153655924,0.000160365453714,0.000175795587432,0.000200974950767
0.538,0.000171632057580,0.000155901940324,0.000144156168015,0.000139061292467,0.000129982458744,0.000125905607169,0.000122996680798,0.974319032724418,0.449881448768050,0.000112527744646,0.000110255165443,0.000108055034438,0.000107225934624,0.000106837065119,0.000107013473245,0.000107331775183,0.000108183438393,0.000110070785508,0.000111012855992,0.000112072716629,0.000114914916047,0.000116281241306,0.000118094562596,0.000121869278350,0.000125492144161,0.000131765507797,0.000139613131821,0.000148125395702,0.000160334864098,0.000175762054527,0.000200936614913
0.539,0.000171921901430,0.000156165219919,0.000144399611923,0.000139296132397,0.000130201966782,0.000126118230419,0.000123204391595,0.909348800444020,0.515837375208708,0.000112717776014,0.000110441358990,0.000108237512511,0.000107407012554,0.000107017486345,0.000107194192381,0.000107513031852,0.000108366133309,0.000110256667684,0.000111200329090,0.000112261979568,0.000115108978754,0.000116477611396,0.000118293994935,0.000122075085245,0.000125704069175,0.000131988026961,0.000139848903670,0.000148375542647,0.000160605629798,0.000176058872915,0.000201275946871
0.540,0.000172481351080,0.000156673395881,0.000144869501516,0.000139749414800,0.000130625655935,0.000126528630719,0.000123605309996,0.845479675843727,0.582924300370191,0.000113084570005,0.000110800745311,0.000108589727314,0.000107756524833,0.000107365731070,0.000107543012124,0.000107862889127,0.000108718766655,0.000110615453002,0.000111562185169,0.000112627290355,0.000115483553938,0.000116856640236,0.000118678934455,0.000122472328779,0.000126113121756,0.000132417528118,0.000140303984841,0.000148858370284,0.000161128255262,0.000176631784650,0.000201930917279
0.541,0.000173128140320,0.000157260906740,0.000145412748854,0.000140273462282,0.000131115490159,0.000127003101474,0.000124068818566,0.781579071046944,0.650752246035798,0.000113508626766,0.000111216237939,0.000108996928827,0.000108160601914,0.000107768342710,0.000107946288551,0.000108267365064,0.000109126452054,0.000111030250801,0.000111980533127,0.000113049632360,0.000115916606668,0.000117294841915,0.000119123969569,0.000122931588774,0.000126586034391,0.000132914081698,0.000140830111911,0.000149416575514,0.000161732471434,0.000177294137635,0.000202688139690
0.542,0.000173727837960,0.000157805641954,0.000145916443297,0.000140759354778,0.000131569660404,0.000127443026839,0.000124498579884,0.716975195855217,0.718887418751441,0.000113901808691,0.000111601479272,0.000109374482706,0.000108535258845,0.000108141640897,0.000108320203123,0.000108642391811,0.000109504454588,0.000111414847893,0.000112368421897,0.000113441224377,0.000116318129583,0.000117701138891,0.000119536602451,0.000123357410848,0.000127024515079,0.000133374482075,0.000141317932583,0.000149934138791,0.000162292695677,0.000177908265851,0.000203390230054
0.543,0.000174242429480,0.000158273071044,0.000146348655919,0.000141176291817,0.000131959377057,0.000127820520174,0.000124867351603,0.651584152570779,0.787092982075877,0.000114239192185,0.000111932049061,0.000109698456008,0.000108856746319,0.000108461962453,0.000108641053590,0.000108964196619,0.000109828812874,0.000111744864870,0.000112701263413,0.000113777243594,0.000116662670353,0.000118049776211,0.000119890676516,0.000123722802361,0.000127400768758,0.000133769544710,0.000141736524160,0.000150378252051,0.000162773415670,0.000178435240031,0.000203992683229
0.544,0.000174666460530,0.000158658239551,0.000146704805535,0.000141519854126,0.000132280509363,0.000128131580284,0.000125171224973,0.585502795621700,0.855233719023982,0.000114517201191,0.000112204443474,0.000109965414817,0.000109121656769,0.000108725912169,0.000108905439137,0.000109229368557,0.000110096088915,0.000112016803758,0.000112975529763,0.000114054128416,0.000116946577061,0.000118337058538,0.000120182438802,0.000124023890390,0.000127710807375,0.000134095082185,0.000142081449832,0.000150744207968,0.000163169536079,0.000178869474576,0.000204489113588
0.545,0.000175014891360,0.000158974736616,0.000146997457467,0.000141802162933,0.000132544387200,0.000128387181690,0.000125420920957,0.518860923206570,0.923308881126826,0.000114745644152,0.000112428272865,0.000110184777714,0.000109339336507,0.000108942802462,0.000109122687557,0.000109447263163,0.000110315712486,0.000112240258838,0.000113200897343,0.000114281647623,0.000117179866227,0.000118573121486,0.000120422182979,0.000124271297631,0.000127965569408,0.000134362579795,0.000142364878931,0.000151044917843,0.000163495032437,0.000179226289727,0.000204897035700
0.546,0.000175294344520,0.000159228577830,0.000147232174088,0.000142028584024,0.000132756026035,0.000128592182552,0.000125621185474,0.451771280093993,0.987620713138618,0.000114928863035,0.000112607791509,0.000110360714082,0.000109513922926,0.000109116755719,0.000109296928044,0.000109622021913,0.000110491857922,0.000112419477273,0.000113381649668,0.000114464125624,0.000117366971928,0.000118762451852,0.000120614465815,0.000124469726499,0.000128169897065,0.000134577121811,0.000142592198532,0.000151286097203,0.000163756091385,0.000179512467392,0.000205224202855
0.547,0.000175498338250,0.000159413875489,0.000147403511278,0.000142193865686,0.000132910517026,0.000128741827990,0.000125767373500,0.384307708261407,0.998227944364951,0.000115062608179,0.000112738835574,0.000110489143175,0.000109641366591,0.000109243737192,0.000109424119187,0.000109749591374,0.000110620439630,0.000112550302192,0.000113513594288,0.000114597329944,0.000117503554352,0.000118900658225,0.000120754827415,0.000124614574548,0.000128319051081,0.000134733732049,0.000142758136084,0.000151462152029,0.000163946657807,0.000179721369841,0.000205463026593
0.548,0.000175650884170,0.000159552440540,0.000147531636732,0.000142317462834,0.000133026044941,0.000128853732415,0.000125876692483,0.316581248466126,0.999095619804588,0.000115162622411,0.000112836829946,0.000110585182079,0.000109736668593,0.000109338693569,0.000109519232355,0.000109844987448,0.000110716592659,0.000112648132688,0.000113612262092,0.000114696939748,0.000117605690292,0.000119004008550,0.000120859789414,0.000124722891499,0.000128430588021,0.000134850844731,0.000142882223705,0.000151593805317,0.000164089162824,0.000179877586487,0.000205641618292
0.549,0.000175750226380,0.000159642678014,0.000147615075645,0.000142397952786,0.000133101279981,0.000128926607736,0.000125947884090,0.248665535082817,0.999660674567095,0.000115227754502,0.000112900646647,0.000110647725324,0.000109798731948,0.000109400531843,0.000109581172735,0.000109907112064,0.000110779210226,0.000112711842669,0.000113676517352,0.000114761808465,0.000117672204100,0.000119071313200,0.000120928143630,0.000124793430556,0.000128503224026,0.000134927111816,0.000142963033067,0.000151679541656,0.000164181966115,0.000179979319177,0.000205757922249
0.550,0.000175809883140,0.000159696867218,0.000147665182193,0.000142446288431,0.000133146459958,0.000128970370659,0.000125990635914,0.180639939953161,1.000000000000000,0.000115266867479,0.000112938969709,0.000110685283653,0.000109836002094,0.000109437666823,0.000109618369033,0.000109944418999,0.000110816813186,0.000112750101643,0.000113715103775,0.000114800763281,0.000117712146822,0.000119111730836,0.000120969191550,0.000124835790511,0.000128546843236,0.000134972911554,0.000143011560523,0.000151731027848,0.000164237696138,0.000180040411463,0.000205827764839
0.551,0.000175807509620,0.000159694711232,0.000147663188640,0.000142444365336,0.000133144662415,0.000128968629496,0.000125988934978,0.112520545677947,0.999986499454016,0.000115265311319,0.000112937444977,0.000110683789347,0.000109834519254,0.000109436189361,0.000109616889131,0.000109942934695,0.000110815317104,0.000112748579461,0.000113713568566,0.000114799213414,0.000117710557650,0.000119110122769,0.000120967558406,0.000124834105167,0.000128545107790,0.000134971089354,0.000143009629796,0.000151728979405,0.000164235478848,0.000180037980828,0.000205824986063
0.552,0.000175778399520,0.000159668269079,0.000147638738660,0.000142420779485,0.000133122616403,0.000128947274949,0.000125968073807,0.044396237815029,0.990347913163329,0.020006744792029,0.000112918744864,0.000110665462393,0.000109816332922,0.000109418068984,0.000109598738833,0.000109924730411,0.000110796968372,0.000112729910620,0.000113694739942,0.000114780205031,0.000117691067208,0.000119090400588,0.000120947528672,0.000124813435212,0.000128523823370,0.000134948740923,0.000142985950349,0.000151703856213,0.000164208284838,0.000180008170250,0.000205790905687
0.553,0.000175811396510,0.000159698241888,0.000147666453294,0.000142447514607,0.000133147606081,0.000128971480835,0.000125991720440,0.000121122096623,0.927510925094003,0.085321269748257,0.000112939941887,0.000110686236431,0.000109836947562,0.000109438608862,0.000109619312627,0.000109945365399,0.000110817767096,0.000112751072195,0.000113716082634,0.000114801751485,0.000117713160087,0.000119112756149,0.000120970232852,0.000124836865097,0.000128547949766,0.000134974073400,0.000143012791565,0.000151732333948,0.000164239109894,0.000180041961249,0.000205829536603
0.554,0.000175967727480,0.000159840245088,0.000147797757864,0.000142574178513,0.000133266000536,0.000129086161892,0.000126103751903,0.000121229798031,0.861605219158693,0.150777517649273,0.000113040367747,0.000110784658303,0.000109934614248,0.000109535921347,0.000109716785793,0.000110043128491,0.000110916305924,0.000112851330112,0.000113817198636,0.000114903832860,0.000117817830278,0.000119218670857,0.000121077799223,0.000124947869665,0.000128662254220,0.000135094091944,0.000143139958113,0.000151867253887,0.000164385150822,0.000180202054025,0.000206012559613
0.555,0.000176263792200,0.000160109175409,0.000148046426767,0.000142814058773,0.000133490219838,0.000129303348639,0.000126315920762,0.000121433766490,0.796223940677429,0.216521582585825,0.000113230557535,0.000110971052873,0.000110119578624,0.000109720214924,0.000109901383673,0.000110228275441,0.000111102921990,0.000113041201846,0.000114008695438,0.000115097157918,0.000118016058121,0.000119419255605,0.000121281511944,0.000125158093759,0.000128878727745,0.000135321387000,0.000143380790294,0.000152122769695,0.000164661727921,0.000180505242975,0.000206359174596
0.556,0.000176656182300,0.000160465602867,0.000148376000706,0.000143131984662,0.000133787389439,0.000129591197625,0.000126597119278,0.000121704096585,0.731004935011528,0.282628184687474,0.000113482626035,0.000111218091371,0.000110364721610,0.000109964468866,0.000110146040925,0.000110473660403,0.000111350254050,0.000113292848812,0.000114262496192,0.000115353381756,0.000118278779876,0.000119685101092,0.000121551503098,0.000125436714776,0.000129165631460,0.000135622633058,0.000143699977814,0.000152461418195,0.000165028290055,0.000180907075192,0.000206818561610
0.557,0.000177093755760,0.000160863072620,0.000148743524781,0.000143486519425,0.000134118777846,0.000129912192158,0.000126910697545,0.000122005554943,0.665658159917458,0.349127001989555,0.000113763719993,0.000111493576126,0.000110638092587,0.000110236848425,0.000110418870234,0.000110747301219,0.000111626066168,0.000113573472695,0.000114545521870,0.000115639109534,0.000118571753800,0.000119981558443,0.000121852583485,0.000125747418746,0.000129485571875,0.000135958567323,0.000144055919484,0.000152839061759,0.000165437061483,0.000181355178020,0.000207330846617
0.558,0.000177512009510,0.000161242993318,0.000149094821961,0.000143825400796,0.000134435534818,0.000130219014165,0.000127210430728,0.000122293703335,0.599926098125044,0.415905712477105,0.000114032403111,0.000111756897699,0.000110899393709,0.000110497201903,0.000110679653605,0.000111008860266,0.000111889700652,0.000113841706493,0.000114816051420,0.000115912221880,0.000118851792362,0.000120264926631,0.000122140370594,0.000126044404539,0.000129791386305,0.000136279669445,0.000144396145644,0.000153200031633,0.000165827784866,0.000181783496246,0.000207820513255
0.559,0.000177894848240,0.000161590744791,0.000149416373570,0.000144135587887,0.000134725470860,0.000130499856471,0.000127484784446,0.000122557453186,0.533758705663214,0.482887427119033,0.000114278335882,0.000111997922905,0.000111138569544,0.000110735510334,0.000110918355528,0.000111248272186,0.000112131012273,0.000114087227991,0.000115063674279,0.000116162208842,0.000119108119071,0.000120524301036,0.000122403789754,0.000126316243497,0.000130071306349,0.000136573582717,0.000144707563656,0.000153530436915,0.000166185424322,0.000182175547257,0.000208268718093
0.560,0.000178225840010,0.000161891401090,0.000149694378191,0.000144403767060,0.000134976141537,0.000130742664955,0.000127721983077,0.000122785484007,0.467165052034814,0.550005265813087,0.000114490962549,0.000112206306628,0.000111345354351,0.000110941545208,0.000111124730604,0.000111455261106,0.000112339643623,0.000114299499082,0.000115277762150,0.000116378340649,0.000119329732049,0.000120748548967,0.000122631534669,0.000126551267937,0.000130313317472,0.000136827691997,0.000144976807049,0.000153816096177,0.000166494629498,0.000182514503710,0.000208656223590
0.561,0.000178508439990,0.000162148100717,0.000149931737871,0.000144632737796,0.000135190163560,0.000130949974257,0.000127924502699,0.000122980176176,0.400223813148763,0.617201745889507,0.000114672502687,0.000112384224151,0.000111521906724,0.000111117457289,0.000111300933149,0.000111631987750,0.000112517772569,0.000114480735630,0.000115460549861,0.000116562873468,0.000119518944679,0.000120940011314,0.000122825982731,0.000126751931240,0.000130519945988,0.000137044649892,0.000145206686413,0.000154059991370,0.000166758628136,0.000182803903918,0.000208987074855
0.562,0.000178748633760,0.000162366280673,0.000150133479981,0.000144827349785,0.000135372070002,0.000131126175270,0.000128096632760,0.000123145653350,0.332977317556299,0.684434127799946,0.000114826801390,0.000112535443839,0.000111671966111,0.000111266972466,0.000111450695204,0.000111782195259,0.000112669171953,0.000114634776299,0.000115615908928,0.000116719715778,0.000119679764559,0.000121102743324,0.000122991252428,0.000126922483536,0.000130695568373,0.000137229051655,0.000145402070684,0.000154267288292,0.000166983011832,0.000183049877491,0.000209268279449
0.563,0.000178944431060,0.000162544133106,0.000150297932875,0.000144985990461,0.000135520353573,0.000131269807982,0.000128236946978,0.000123280544375,0.265482782685886,0.751670209267241,0.000114952580129,0.000112658712675,0.000111794289113,0.000111388851847,0.000111572775830,0.000111904639003,0.000112792587272,0.000114760344698,0.000115742552037,0.000116847567973,0.000119810859126,0.000121235396591,0.000123125974326,0.000127061511617,0.000130838729408,0.000137379369323,0.000145561340897,0.000154436269267,0.000167165921330,0.000183250386278,0.000209497507294
0.564,0.000179099324330,0.000162684830372,0.000150428029901,0.000145111489500,0.000135637659211,0.000131383434373,0.000128347948142,0.000123387255305,0.197806558417847,0.818864768278191,0.000115052082421,0.000112756229408,0.000111891057607,0.000111485269396,0.000111669352583,0.000112001503015,0.000112890219887,0.000114859680592,0.000115842738125,0.000116948710556,0.000119914566717,0.000121340337252,0.000123232551461,0.000127171495331,0.000130951982659,0.000137498284115,0.000145687337956,0.000154569948414,0.000167310619189,0.000183409006759,0.000209678847131
0.565,0.000179229915350,0.000162803452696,0.000150537715127,0.000145217298148,0.000135736559977,0.000131479233153,0.000128441533584,0.000123477223637,0.129983257743065,0.886042534545616,0.000115135973127,0.000112838446084,0.000111972643438,0.000111566559345,0.000111750776758,0.000112083169378,0.000112972534262,0.000114943431008,0.000115927205341,0.000117033984196,0.000120002002924,0.000121428813066,0.000123322406990,0.000127264222957,0.000131047466844,0.000137598541563,0.000145793566487,0.000154682653737,0.000167432614426,0.000183542740201,0.000209831735338
0.566,0.000179326677360,0.000162891346445,0.000150618986893,0.000145295697547,0.000135809840949,0.000131550215694,0.000128510876143,0.000123543886082,0.062049206413660,0.953149278122638,0.037134117954408,0.000112899364903,0.000112033094831,0.000111626791503,0.000111811108370,0.000112143680442,0.000113033525473,0.000115005486259,0.000115989791708,0.000117097168088,0.000120066789179,0.000121494369622,0.000123388985853,0.000127332929914,0.000131118216285,0.000137672827775,0.000145872276999,0.000154766163258,0.000167523007351,0.000183641830604,0.000209945018550
0.567,0.000179394838120,0.000162953260256,0.000150676236070,0.000145350923380,0.000135861461277,0.000131600216970,0.000128559722188,0.000123590844210,0.003800656691610,0.999746917691992,0.102444303271102,0.000112942277127,0.000112075677792,0.000111669220031,0.000111853606956,0.000112186305435,0.000113076488690,0.000115049199004,0.000116033878581,0.000117141675866,0.000120112425688,0.000121540548744,0.000123435885105,0.000127381328230,0.000131168053361,0.000137725156211,0.000145927721986,0.000154824988746,0.000167586681622,0.000183711631522,0.000210024817117
0.568,0.000179431747520,0.000162986786901,0.000150707236792,0.000145380828451,0.000135889413949,0.000131627292917,0.000128586172571,0.000123616272277,0.000120070709212,0.999952609557326,0.167786412298191,0.000112965514316,0.000112098736683,0.000111692195296,0.000111876620157,0.000112209387087,0.000113099753492,0.000115072869679,0.000116057751848,0.000117165777056,0.000120137138091,0.000121565554975,0.000123461281290,0.000127407536166,0.000131195040393,0.000137753492327,0.000145957745730,0.000154856843049,0.000167621161566,0.000183749429076,0.000210068028450
0.569,0.000179440251270,0.000162994511280,0.000150714379211,0.000145387718437,0.000135895854111,0.000131633531086,0.000128592266614,0.000123622130782,0.000120076399684,1.000000000000000,0.233118491630186,0.000112970868053,0.000112104049342,0.000111697488688,0.000111881922289,0.000112214704990,0.000113105113591,0.000115078323290,0.000116063252135,0.000117171329855,0.000120142831711,0.000121571316292,0.000123467132450,0.000127413574350,0.000131201258076,0.000137760020833,0.000145964663058,0.000154864182128,0.000167629105580,0.000183758137453,0.000210077984135
0.570,0.000179434705280,0.000162989473582,0.000150709721056,0.000145383224915,0.000135891653955,0.000131629462666,0.000128588292191,0.000123618309972,0.000120072688463,0.999969092841790,0.298421868333601,0.000112967376444,0.000112100584523,0.000111694036434,0.000111878464335,0.000112211236751,0.000113101617832,0.000115074766545,0.000116059664948,0.000117167708421,0.000120139118437,0.000121567558867,0.000123463316431,0.000127409636357,0.000131197203017,0.000137755763061,0.000145960151703,0.000154859395715,0.000167623924639,0.000183752458009,0.000210071491219
0.571,0.000179426486480,0.000162982008037,0.000150702817971,0.000145376565804,0.000135885429594,0.000131623433530,0.000128582402352,0.000123612647778,0.000120067188671,0.999923290409271,0.363727315956616,0.000112962202103,0.000112095449885,0.000111688920418,0.000111873339871,0.000112206097045,0.000113096437343,0.000115069495677,0.000116054348969,0.000117162341689,0.000120133615603,0.000121561990605,0.000123457661336,0.000127403800505,0.000131191193680,0.000137749453316,0.000145953466167,0.000154852302559,0.000167616246819,0.000183744041439,0.000210061869137
0.572,0.000179417311850,0.000162973674264,0.000150695112071,0.000145369132251,0.000135878481353,0.000131616703218,0.000128575827537,0.000123606327082,0.000120061049266,0.999872161215965,0.429024493982475,0.000112956425997,0.000112089718099,0.000111683209419,0.000111867619442,0.000112200359601,0.000113090654373,0.000115063611819,0.000116048414752,0.000117156350817,0.000120127472800,0.000121555774765,0.000123451348564,0.000127397285956,0.000131184485469,0.000137742409762,0.000145946003115,0.000154844384483,0.000167607676083,0.000183734646040,0.000210051128025
0.573,0.000179436810150,0.000162991385540,0.000150711488966,0.000145384930342,0.000135893248041,0.000131631006754,0.000128589800604,0.000123619760085,0.000120074096983,0.999980823044871,0.494382466387579,0.000112968701614,0.000112101899526,0.000111695346668,0.000111879776733,0.000112212553052,0.000113102944578,0.000115076116436,0.000116061026393,0.000117169082864,0.000120140527736,0.000121568984922,0.000123464764725,0.000127411130944,0.000131198742034,0.000137757379013,0.000145961863898,0.000154861212303,0.000167625890962,0.000183754613529,0.000210073955476
0.574,0.000179480224720,0.000163030821155,0.000150747953471,0.000145420106091,0.000135926127286,0.000131662854754,0.000128620912787,0.000123649669771,0.000120103148799,0.953965406310276,0.559840761323688,0.000112996034287,0.000112129022477,0.000111722371254,0.000111906845941,0.000112239702775,0.000113130309731,0.000115103958996,0.000116089107251,0.000117197431815,0.000120169595625,0.000121598398426,0.000123494636910,0.000127441957949,0.000131230485448,0.000137790709283,0.000145997179236,0.000154898680830,0.000167666447891,0.000183799072787,0.000210124782675
0.575,0.000179592590090,0.000163132888213,0.000150842330718,0.000145511147787,0.000136011225183,0.000131745283586,0.000128701437182,0.000123727081870,0.000120178340564,0.887835456427206,0.625570840688860,0.000113066776572,0.000112199221960,0.000111792316150,0.000111976906329,0.000112309971552,0.000113201136080,0.000115176020968,0.000116161785985,0.000117270804426,0.000120244828989,0.000121674526306,0.000123571951949,0.000127521744247,0.000131312643591,0.000137876974520,0.000146088582214,0.000154995656681,0.000167771417130,0.000183914142015,0.000210256333374
0.576,0.000179761314170,0.000163286148692,0.000150984044435,0.000145647852951,0.000136139005337,0.000131869055963,0.000128822349918,0.000123843321288,0.000120291246001,0.821891469607537,0.691588014208617,0.000113173000820,0.000112304631156,0.000111897343065,0.000112082106663,0.000112415484795,0.000113307486557,0.000115284226814,0.000116270917940,0.000117380978285,0.000120357796892,0.000121788837383,0.000123688045625,0.000127641548683,0.000131436009511,0.000138006507513,0.000146225829868,0.000155141272375,0.000167929035425,0.000184086926117,0.000210453865501
0.577,0.000179986217770,0.000163490439826,0.000151172944117,0.000145830076399,0.000136309332042,0.000132034040435,0.000128983522584,0.000123998264574,0.000120441745203,0.756046316537907,0.757976159439374,0.000113314594218,0.000112445138117,0.000112037340457,0.000112222335218,0.000112556130447,0.000113449248213,0.000115428461617,0.000116416387215,0.000117527836382,0.000120508379357,0.000121941210257,0.000123842794642,0.000127801244021,0.000131600452188,0.000138179170694,0.000146408776436,0.000155335373263,0.000168139135384,0.000184317241592,0.000210717169273
0.578,0.000180247128870,0.000163727438364,0.000151392087003,0.000146041474172,0.000136506928382,0.000132225439238,0.000129170499305,0.000124178014579,0.000120616339617,0.690171912571680,0.824692800996316,0.000113478856992,0.000112608140512,0.000112199751702,0.000112385014635,0.000112719293739,0.000113613706184,0.000115595788689,0.000116585146401,0.000117698206744,0.000120683070365,0.000122117978321,0.000124022319276,0.000127986506890,0.000131791222454,0.000138379477583,0.000146621013103,0.000155560550077,0.000168382872750,0.000184584431018,0.000211022628486
0.579,0.000180536754090,0.000163990519367,0.000151635347280,0.000146276136962,0.000136726270844,0.000132437902106,0.000129378053425,0.000124377546661,0.000120810148717,0.624214742048565,0.891729641351056,0.000113661197422,0.000112789081855,0.000112380036836,0.000112565597453,0.000112900413685,0.000113796263292,0.000115781530653,0.000116772478088,0.000117887326922,0.000120876986690,0.000122314200289,0.000124221601182,0.000128192158545,0.000132002987613,0.000138601828901,0.000146856607109,0.000155810508336,0.000168653434212,0.000184881025514,0.000211361704484
0.580,0.000180859710750,0.000164283876975,0.000151906603100,0.000146537805855,0.000136970856275,0.000132674816206,0.000129609493856,0.000124600041838,0.000121026262285,0.558133395720472,0.959165702246388,0.000113864522451,0.000112990846783,0.000112581070036,0.000112766962597,0.000113102377771,0.000113999829936,0.000115988648681,0.000116981368791,0.000118098211944,0.000121093219822,0.000122533004409,0.000124443817393,0.000128421477564,0.000132239123707,0.000138849769460,0.000147119314387,0.000156089232973,0.000168955133165,0.000185211753508,0.000211739802952
0.581,0.000181171181910,0.000164566801732,0.000152168212088,0.000146790168862,0.000137206743369,0.000132903304788,0.000129832703432,0.000124814624286,0.000121234690078,0.491780884984911,0.989255741607023,0.054945850489203,0.000113185436224,0.000112774953772,0.000112961166472,0.000113297159287,0.000114196157018,0.000116188400847,0.000117182830590,0.000118301597136,0.000121301762927,0.000122744027068,0.000124658130797,0.000128642641174,0.000132466861953,0.000139088892361,0.000147372678850,0.000156358045161,0.000169246102620,0.000185530719626,0.000212104454879
0.582,0.000181482850400,0.000164849905734,0.000152429986816,0.000147042691751,0.000137442779906,0.000133131938127,0.000130056054421,0.000125029342682,0.000121443249919,0.425209282491945,0.990957556610834,0.119778296341779,0.000113380148946,0.000112968960342,0.000113155493383,0.000113492064207,0.000114392608482,0.000116388279564,0.000117384420023,0.000118505111182,0.000121510438153,0.000122955183418,0.000124872579977,0.000128863944901,0.000132694744480,0.000139328166757,0.000147626203830,0.000156627027652,0.000169537256415,0.000185849887821,0.000212469337828
0.583,0.000181807287960,0.000165144608517,0.000152702486465,0.000147305560512,0.000137688486870,0.000133369938583,0.000130288556108,0.000125252858098,0.000121660354464,0.358419375736210,0.992729095045605,0.184857525373459,0.000113582839056,0.000113170915369,0.000113357781875,0.000113694954388,0.000114597108569,0.000116596347320,0.000117594268583,0.000118716963205,0.000121727662811,0.000123174990852,0.000125095815148,0.000129094315450,0.000132931963363,0.000139577244234,0.000147890115739,0.000156907030366,0.000169840338793,0.000186182132350,0.000212849170046
0.584,0.000182135075000,0.000165442353800,0.000152977799389,0.000147571143120,0.000137936730502,0.000133610396146,0.000130523458133,0.000125478681078,0.000121879700387,0.291393739779478,0.994518922847660,0.250172860412327,0.000113787621730,0.000113374955371,0.000113562158785,0.000113899939199,0.000114803719907,0.000116806563159,0.000117806283611,0.000118931002381,0.000121947130087,0.000123397067569,0.000125321354990,0.000129327064334,0.000133171631285,0.000139828893176,0.000148156752263,0.000157189923817,0.000170146550180,0.000186517806958,0.000213232923636
0.585,0.000182468792040,0.000165745485598,0.000153258093003,0.000147841530387,0.000138189465114,0.000133855203831,0.000130762609775,0.000125708589425,0.000122103014501,0.224143774116681,0.996341130384987,0.315720863922866,0.000113996109131,0.000113582686663,0.000113770233081,0.000114108632393,0.000115014069053,0.000117020582016,0.000118022134206,0.000119148913742,0.000122170567749,0.000123623161880,0.000125550975076,0.000129564023883,0.000133415635042,0.000140085094703,0.000148428212512,0.000157477935097,0.000170458301242,0.000186859554260,0.000213623619717
0.586,0.000182806730790,0.000166052452184,0.000153541932490,0.000148115338206,0.000138445396962,0.000134103108471,0.000131004786820,0.000125941406243,0.000122329153665,0.156637500933378,0.998186389924170,0.381527271871785,0.000114207234015,0.000113793045874,0.000113980939635,0.000114319965674,0.000115227079236,0.000117237308332,0.000118240715433,0.000119369581805,0.000122396832024,0.000123852116411,0.000125783499987,0.000129803981104,0.000133662725585,0.000140344537325,0.000148703106887,0.000157769589883,0.000170773996133,0.000187205624859,0.000214019258326
0.587,0.000183138873300,0.000166354153757,0.000153820903634,0.000148384449742,0.000138696939131,0.000134346761114,0.000131242810105,0.000126170229846,0.000122551414147,0.088877294193619,1.000000000000000,0.447560653967986,0.000114414737739,0.000113999797057,0.000114188032203,0.000114527674221,0.000115436435922,0.000117450317414,0.000118455547610,0.000119586465026,0.000122619215471,0.000124077143972,0.000126012036689,0.000130039822639,0.000133905578094,0.000140599530053,0.000148973286343,0.000158056242280,0.000171084276304,0.000187545759742,0.000214408111042
0.588,0.000183477169170,0.000166661444733,0.000154105043072,0.000148658546910,0.000138953141437,0.000134594927729,0.000131485243074,0.000126403292696,0.000122777792286,0.020883003309041,0.973047048912492,0.513836721242752,0.000114626085731,0.000114210378567,0.000114398961423,0.000114739230831,0.000115649671205,0.000117667272758,0.000118674359825,0.000119807366282,0.000122845718853,0.000124306340454,0.000126244807323,0.000130280033438,0.000134152929752,0.000140859246843,0.000149248471216,0.000158348205275,0.000171400304807,0.000187892196055,0.000214804167745
0.589,0.000183808130850,0.000166962073700,0.000154383022420,0.000148926701704,0.000139203789326,0.000134837714140,0.000131722420141,0.000126631302787,0.000122999262590,0.000120510787458,0.907888033290954,0.580342556014181,0.000114832851740,0.000114416394711,0.000114605317738,0.000114946200934,0.000115858283588,0.000117879524552,0.000118888428233,0.000120023478441,0.000123067311685,0.000124530567999,0.000126472531533,0.000130515036511,0.000134394918874,0.000141113333022,0.000149517690133,0.000158633838568,0.000171709481873,0.000188231121694,0.000215191638015
0.590,0.000184135076480,0.000167259054688,0.000154657628632,0.000149191602577,0.000139451395732,0.000135077554463,0.000131956719187,0.000126856546093,0.000123218045465,0.000120725144000,0.842481502704682,0.647070438612902,0.000115037108749,0.000114619910954,0.000114809170025,0.000115150659561,0.000116064364567,0.000118089200779,0.000119099899031,0.000120236968191,0.000123286215602,0.000124752074658,0.000126697492428,0.000130747187944,0.000134633971582,0.000141364335997,0.000149783642217,0.000158916005848,0.000172014907234,0.000188565934645,0.000215574406532
0.591,0.000184443688590,0.000167539382428,0.000154916836264,0.000149441649098,0.000139685117575,0.000135303945707,0.000132177879882,0.000127069158851,0.000123424560062,0.000120927480471,0.776747911282751,0.713949037088907,0.000115229912019,0.000114812014996,0.000115001591267,0.000115343653143,0.000116258889527,0.000118287119384,0.000119299511575,0.000120438486474,0.000123492844452,0.000124961160302,0.000126909838610,0.000130966321453,0.000134859619377,0.000141601263946,0.000150034681002,0.000159182350560,0.000172303205827,0.000188881972915,0.000215935711253
0.592,0.000184745802320,0.000167813807366,0.000155170585815,0.000149686430442,0.000139913917987,0.000135525569879,0.000132394383643,0.000127277294666,0.000123626726124,0.000121125556385,0.710764622238716,0.781031968503290,0.000115418655471,0.000115000073945,0.000115189960737,0.000115532582900,0.000116449318417,0.000118480870459,0.000119494920921,0.000120635761429,0.000123695122362,0.000125165843273,0.000127117713463,0.000131180840715,0.000135080515754,0.000141833202953,0.000150280433716,0.000159443086908,0.000172585433778,0.000189191356434,0.000216289408057
0.593,0.000185028048060,0.000168070185219,0.000155407647964,0.000149915114162,0.000140127671733,0.000135732619318,0.000132596649407,0.000127471742788,0.000123815597082,0.000121310606177,0.644504049499439,0.848239393400701,0.000115594986535,0.000115175765520,0.000115365942411,0.000115709088017,0.000116627224077,0.000118661879827,0.000119677479506,0.000120820062936,0.000123884097813,0.000125357065621,0.000127311917784,0.000131381252486,0.000135286885261,0.000142049888890,0.000150510024926,0.000159686676377,0.000172849101492,0.000189480393877,0.000216619844599
0.594,0.000185294910000,0.000168312589201,0.000155631789043,0.000150131333479,0.000140329774834,0.000135928383531,0.000132787890678,0.000127655592517,0.000123994173632,0.000121485569832,0.577978123490540,0.915560537822965,0.000115761706676,0.000115341881028,0.000115532332208,0.000115875972724,0.000116795432993,0.000118833023282,0.000119850087739,0.000120994319092,0.000124062773160,0.000125537865398,0.000127495537001,0.000131570740817,0.000135482006601,0.000142254764364,0.000150727102270,0.000159916989007,0.000173098398002,0.000189753677339,0.000216932270702
0.595,0.000185542932920,0.000168537880764,0.000155840106966,0.000150332288873,0.000140517610542,0.000136110327841,0.000132965631342,0.000127826463443,0.000124160143637,0.000121648181994,0.511205993479626,0.982983945857644,0.011132635764543,0.000115496269673,0.000115686975778,0.000116031076268,0.000116951767262,0.000118992084928,0.000120010510757,0.000121156273699,0.000124228834987,0.000125705901681,0.000127666193688,0.000131746852288,0.000135663353422,0.000142445176729,0.000150928855119,0.000160131042801,0.000173330095517,0.000190007668456,0.000217222641199
0.596,0.000185785398260,0.000168758124100,0.000156043757000,0.000150528741354,0.000140701237316,0.000136288195230,0.000133139389278,0.000127993505574,0.000124322394664,0.000121807150418,0.444251926736025,0.994207650161724,0.074411281868937,0.000115647198851,0.000115838154168,0.000116182704324,0.000117104598467,0.000119147582397,0.000120167339093,0.000121314599303,0.000124391175779,0.000125870172686,0.000127833026380,0.000131919017538,0.000135840636710,0.000142631322424,0.000151126087186,0.000160340300180,0.000173556601263,0.000190255968260,0.000217506505212
0.597,0.000185999124910,0.000168952262654,0.000156223269005,0.000150701908912,0.000140863099359,0.000136444980530,0.000133292552206,0.000128140748702,0.000124465414563,0.000121947276793,0.377051146682276,0.995351381959490,0.140336744833933,0.000115780238845,0.000115971413837,0.000116316360362,0.000117239315047,0.000119284649216,0.000120305579035,0.000121454159049,0.000124534274804,0.000126014973142,0.000127980084894,0.000132070776556,0.000135996907141,0.000142795404828,0.000151299941927,0.000160524754908,0.000173756259962,0.000190474837833,0.000217756723675
0.598,0.000186214145310,0.000169147576385,0.000156403867649,0.000150876124703,0.000141025941200,0.000136602714897,0.000133446642275,0.000128288883136,0.000124609300203,0.000122088251393,0.309696906549971,0.996502037116593,0.206426585166536,0.000115914084170,0.000116105480165,0.000116450825459,0.000117374847107,0.000119422545741,0.000120444655785,0.000121594563591,0.000124678240049,0.000126160650118,0.000128128033595,0.000132223454217,0.000136154123522,0.000142960480470,0.000151474849062,0.000160710326195,0.000173957127254,0.000190695032287,0.000218008456783
0.599,0.000186404168660,0.000169320184052,0.000156563470921,0.000151030087156,0.000141169851974,0.000136742111963,0.000133582818707,0.000128419796302,0.000124736458517,0.000122212837087,0.242165614033678,0.997518923658668,0.272632117628181,0.000116032369398,0.000116223960704,0.000116569658407,0.000117494622979,0.000119544411200,0.000120567564262,0.000121718645498,0.000124805468712,0.000126289391515,0.000128258782622,0.000132358382440,0.000136293062820,0.000143106365356,0.000151629422487,0.000160874324019,0.000174134642856,0.000190889628185,0.000218230924830
0.600,0.000186594277140,0.000169492869046,0.000156723145695,0.000151184118585,0.000141313827220,0.000136881571478,0.000133719056147,0.000128550768117,0.000124863673797,0.000122337478595,0.174484085176936,0.998536265760293,0.338960699836477,0.000116150707617,0.000116342494322,0.000116688544593,0.000117614452510,0.000119666331254,0.000120690527801,0.000121842782993,0.000124932754374,0.000126418190589,0.000128389590223,0.000132493371110,0.000136432064363,0.000143252315599,0.000151784065161,0.000161038395313,0.000174312237985,0.000191084311262,0.000218453492543
0.601,0.000186789286040,0.000169670005336,0.000156886936401,0.000151342120476,0.000141461513710,0.000137024625837,0.000133858805374,0.000128685115988,0.000124994168301,0.000122465332983,0.106666939062546,0.999579831811223,0.405446177127296,0.000116272096237,0.000116464083377,0.000116810495304,0.000117737370883,0.000119791394037,0.000120816660968,0.000121970120377,0.000125063321074,0.000126550309712,0.000128523769648,0.000132631839379,0.000136574648944,0.000143402027996,0.000151942694054,0.000161206695868,0.000174494410977,0.000191284012678,0.000218681797376
0.602,0.000186867801940,0.000169741325236,0.000156952883004,0.000151405736345,0.000141520976318,0.000137082223422,0.000133915072223,0.000128739208104,0.000125046708946,0.000122516810645,0.038695698272426,1.000000000000000,0.471775633113712,0.000116320970605,0.000116513038446,0.000116859595985,0.000117786861172,0.000119841747723,0.000120867445620,0.000122021389880,0.000125115890787,0.000126603504473,0.000128577793943,0.000132687590479,0.000136632057384,0.000143462306289,0.000152006562371,0.000161274458260,0.000174567758790,0.000191364417913,0.000218773719126
0.603,0.000186943560360,0.000169810140380,0.000157016513562,0.000151467118024,0.000141578350598,0.000137137798179,0.000133969362979,0.000128791400503,0.000125097404363,0.000122566480411,0.000120091161678,0.990404300075699,0.538141067821053,0.000116368128504,0.000116560274211,0.000116906972249,0.000117834613360,0.000119890332987,0.000120916446714,0.000122070858796,0.000125166614251,0.000126654831034,0.000128629920903,0.000132741383600,0.000136687449638,0.000143520467607,0.000152068187631,0.000161339840835,0.000174638530627,0.000191441999314,0.000218862412583
0.604,0.000187016258010,0.000169876175273,0.000157077573336,0.000151526019777,0.000141633406859,0.000137191127621,0.000134021460296,0.000128841484241,0.000125146051598,0.000122614143434,0.000120137862111,0.924065889079882,0.604561925820637,0.000116413381143,0.000116605601571,0.000116952434431,0.000117880436278,0.000119936955323,0.000120963468080,0.000122118329084,0.000125215288400,0.000126704083913,0.000128679941845,0.000132793003386,0.000136740603950,0.000143576279108,0.000152127323126,0.000161402581842,0.000174706443161,0.000191516446294,0.000218947522672
0.605,0.000187076849210,0.000169931213276,0.000157128464733,0.000151575112532,0.000141679294517,0.000137235576029,0.000134064881767,0.000128883227457,0.000125186597535,0.000122653869061,0.000120176785451,0.857631882098136,0.670990837495294,0.000116451097791,0.000116643380497,0.000116990325727,0.000117918628237,0.000119975813570,0.000121002658906,0.000122157894072,0.000125255856769,0.000126745134635,0.000128721632723,0.000132836026851,0.000136784906394,0.000143622796235,0.000152176610697,0.000161454874495,0.000174763046117,0.000191578495505,0.000219018459249
0.606,0.000187148138680,0.000169995969050,0.000157188341757,0.000151632873338,0.000141733284317,0.000137287872460,0.000134115969940,0.000128932341054,0.000125234302456,0.000122700608833,0.000120222581279,0.791188093681199,0.737493120080450,0.000116495473870,0.000116687829849,0.000117034907290,0.000117963563548,0.000120021532815,0.000121048769451,0.000122204444843,0.000125303588082,0.000126793433468,0.000128770684741,0.000132886646744,0.000136837031088,0.000143677526647,0.000152234600715,0.000161516400186,0.000174829643159,0.000191651500420,0.000219101920724
0.607,0.000187215810220,0.000170057438478,0.000157245180031,0.000151687702790,0.000141784534144,0.000137337514855,0.000134164465396,0.000128978962143,0.000125279586358,0.000122744976568,0.000120266052977,0.724679431720802,0.804042031112614,0.000116537597870,0.000116730023403,0.000117077226345,0.000118006218399,0.000120064931814,0.000121092539892,0.000122248633169,0.000125348897038,0.000126839281142,0.000128817247377,0.000132934697684,0.000136886510461,0.000143729479498,0.000152289647749,0.000161574803457,0.000174892860412,0.000191720800346,0.000219181146542
0.608,0.000187284942240,0.000170120234532,0.000157303244982,0.000151743715567,0.000141836890039,0.000137388228626,0.000134214007475,0.000129026589404,0.000125325847574,0.000122790301844,0.000120310462875,0.658139405215691,0.870645648644333,0.000116580630985,0.000116773127575,0.000117120458725,0.000118049793823,0.000120109267446,0.000121137254983,0.000122293775163,0.000125395183847,0.000126886118296,0.000128864814922,0.000132983785654,0.000136937057693,0.000143782553591,0.000152345882801,0.000161634467182,0.000174957442013,0.000191791595896,0.000219262082204
0.609,0.000187377833110,0.000170204611933,0.000157381265324,0.000151818978455,0.000141907239272,0.000137456371382,0.000134280575859,0.000129090584897,0.000125388007547,0.000122851204220,0.000120370135284,0.591613276871722,0.937405372345550,0.000116638453446,0.000116831045511,0.000117178548934,0.000118108344969,0.000120168840064,0.000121197337469,0.000122354431268,0.000125457378210,0.000126949052143,0.000128928730177,0.000133049743864,0.000137004976674,0.000143853867848,0.000152421444357,0.000161714635753,0.000175044218605,0.000191886722007,0.000219370833315
0.610,0.000187475242300,0.000170293093548,0.000157463080667,0.000151897902219,0.000141981010374,0.000137527828681,0.000134350382206,0.000129157693205,0.000125453191054,0.000122915068958,0.000120432710228,0.525033519152198,0.993065049364786,0.000116699088459,0.000116891780644,0.000117239464717,0.000118169744112,0.000120231310364,0.000121260342438,0.000122418037757,0.000125522597780,0.000127015047166,0.000128995754344,0.000133118910358,0.000137076199313,0.000143928650913,0.000152500681315,0.000161798703817,0.000175135216111,0.000191986475162,0.000219484874207
0.611,0.000187592001520,0.000170399151759,0.000157561148370,0.000151992503940,0.000142069435874,0.000137613480748,0.000134434055366,0.000129238132367,0.000125531323059,0.000122991620227,0.000120507715488,0.458443351588465,0.996172788420942,0.000116771768426,0.000116964580620,0.000117312481230,0.000118243340001,0.000120306190192,0.000121335863145,0.000122494279476,0.000125600773012,0.000127094151893,0.000129076092651,0.000133201816560,0.000137161570106,0.000144018289400,0.000152595658446,0.000161899471738,0.000175244289987,0.000192106043969,0.000219621568964
0.612,0.000187706856460,0.000170503480218,0.000157657616642,0.000152085562758,0.000142156419201,0.000137697735876,0.000134516363861,0.000129317259610,0.000125608180774,0.000123066922985,0.000120581497452,0.391754092129212,0.996782704378782,0.000116843263023,0.000117036193267,0.000117384306883,0.000118315735581,0.000120379848771,0.000121410152151,0.000122569277732,0.000125677673248,0.000127171966464,0.000129155120684,0.000133283370605,0.000137245548548,0.000144106465931,0.000152689086550,0.000161998596189,0.000175351584926,0.000192223662674,0.000219756034303
0.613,0.000187828771590,0.000170614221798,0.000157760014867,0.000152184341947,0.000142248749437,0.000137787170208,0.000134603731900,0.000129401250845,0.000125689762971,0.000123146854641,0.000120659814831,0.324995092993758,0.997430112291413,0.000116919152428,0.000117112207980,0.000117460547694,0.000118392581352,0.000120458035180,0.000121489007739,0.000122648886169,0.000125759300580,0.000127254564336,0.000129239006609,0.000133369937818,0.000137334689185,0.000144200062718,0.000152788257727,0.000162103813869,0.000175465475338,0.000192348511458,0.000219898765293
0.614,0.000187948546920,0.000170723019692,0.000157860615843,0.000152281387408,0.000142339459134,0.000137875034829,0.000134689566494,0.000129483767902,0.000125769913274,0.000123225383373,0.000120736757618,0.258157993971827,0.998066157065134,0.000116993709855,0.000117186888516,0.000117535450361,0.000118468078362,0.000120534849295,0.000121566479289,0.000122727097354,0.000125839495226,0.000127335712486,0.000129321420206,0.000133454985642,0.000137422265266,0.000144292016735,0.000152885688296,0.000162207184815,0.000175577366797,0.000192471168952,0.000220038991133
0.615,0.000188074399780,0.000170837338109,0.000157966321422,0.000152383357062,0.000142434771539,0.000137967357795,0.000134779756429,0.000129570471964,0.000125854130489,0.000123307896737,0.000120817604565,0.191229782485868,0.998734475564870,0.000117072050408,0.000117265358423,0.000117614153670,0.000118547406171,0.000120615561042,0.000121647881828,0.000122809277060,0.000125923759034,0.000127420978182,0.000129408015558,0.000133544348885,0.000137514285053,0.000144388636599,0.000152988062597,0.000162315800915,0.000175694935749,0.000192600050220,0.000220186332183
0.616,0.000188194672110,0.000170946587452,0.000158067339836,0.000152480805207,0.000142525857630,0.000138055587005,0.000134865947188,0.000129653331421,0.000125934613370,0.000123386751318,0.000120894866621,0.124208084438534,0.999373159565592,0.034854136542190,0.000117340348841,0.000117689367141,0.000118623216450,0.000120692693892,0.000121725674841,0.000122887812777,0.000126004286442,0.000127502463051,0.000129490771125,0.000133629749610,0.000137602224525,0.000144480972173,0.000153085897447,0.000162419600792,0.000175807291494,0.000192723216674,0.000220327139881
0.617,0.000188312714120,0.000171053810885,0.000158166484973,0.000152576446282,0.000142615254628,0.000138142180099,0.000134950539633,0.000129734654339,0.000126013603783,0.000123464143627,0.000120970695936,0.057111744408209,1.000000000000000,0.101304796458003,0.000117413948643,0.000117763185859,0.000118697620910,0.000120768396398,0.000121802025267,0.000122964892135,0.000126083320556,0.000127582436872,0.000129571992079,0.000133713566670,0.000137688533255,0.000144571595484,0.000153181918056,0.000162521475813,0.000175917563724,0.000192844099139,0.000220465336452
0.618,0.000188424002100,0.000171154899296,0.000158259957305,0.000152666615045,0.000142699536582,0.000138223818581,0.000135030291938,0.000129811324189,0.000126088074588,0.000123537107766,0.000121042186512,0.000118626801560,0.998090674043952,0.167820991976157,0.000117483337273,0.000117832780879,0.000118767768157,0.000120839767420,0.000121874007137,0.000123037561229,0.000126157832562,0.000127657834818,0.000129648565801,0.000133792587956,0.000137769903644,0.000144657033586,0.000153272444637,0.000162617521833,0.000176021526488,0.000192958065051,0.000220595625807
0.619,0.000188527731670,0.000171249122027,0.000158347081223,0.000152750659764,0.000142778094311,0.000138299912376,0.000135104627659,0.000129882786809,0.000126157487516,0.000123605116358,0.000121108821621,0.000118692106972,0.943158032999318,0.234418026720510,0.000117548013195,0.000117897649173,0.000118833151173,0.000120906291095,0.000121941100173,0.000123105294815,0.000126227283893,0.000127728111917,0.000129719938820,0.000133866242307,0.000137845747553,0.000144736668939,0.000153356822873,0.000162707044640,0.000176118428353,0.000193064290674,0.000220717066224
0.620,0.000188615456200,0.000171328806584,0.000158420762284,0.000152821736733,0.000142844530909,0.000138364265215,0.000135167493689,0.000129943223045,0.000126216190319,0.000123662631508,0.000121165175211,0.000118747336032,0.876830909372366,0.301062697538582,0.000117602709892,0.000117952508561,0.000118888445862,0.000120962550444,0.000121997841034,0.000123162577391,0.000126286019173,0.000127787545553,0.000129780299280,0.000133928532099,0.000137909889063,0.000144804016889,0.000153428181898,0.000162782754451,0.000176200378665,0.000193154126127,0.000220819768891
0.621,0.000188700025340,0.000171405624943,0.000158491793089,0.000152890257114,0.000142908577830,0.000138426303327,0.000135228098472,0.000130001485431,0.000126272781624,0.000123718077878,0.000121219501801,0.000118800578540,0.810416339648954,0.367751363591589,0.000117655439187,0.000118005394694,0.000118941751640,0.000121016786185,0.000122052540965,0.000123217799553,0.000126342641787,0.000127844841403,0.000129838488617,0.000133988581371,0.000137971723448,0.000144868942380,0.000153496974189,0.000162855741034,0.000176279381281,0.000193240730262,0.000220918777415
0.622,0.000188781344990,0.000171479491629,0.000158560094602,0.000152956144663,0.000142970163807,0.000138485957684,0.000135286374572,0.000130057509140,0.000126327198460,0.000123771393773,0.000121271740944,0.000118851775256,0.743929082696348,0.434503956298656,0.000117706142408,0.000118056248728,0.000118993009193,0.000121068937967,0.000122105139103,0.000123270899855,0.000126397088729,0.000127899935713,0.000129894442083,0.000134046323305,0.000138031181904,0.000144931373171,0.000153563123201,0.000162925923175,0.000176355348295,0.000193324006714,0.000221013981630
0.623,0.000188844442010,0.000171536805792,0.000158613090672,0.000153007267707,0.000143017949203,0.000138532244308,0.000135331591789,0.000130100978696,0.000126369421222,0.000123812762300,0.000121312274003,0.000118891499482,0.677330684392993,0.501265551472077,0.000117745483726,0.000118095707062,0.000119032780624,0.000121109403243,0.000122145950711,0.000123312101100,0.000126439334851,0.000127942684136,0.000129937857137,0.000134091126056,0.000138077316528,0.000144979814068,0.000153614449117,0.000162980378451,0.000176414292133,0.000193388622043,0.000221087851871
0.624,0.000188904416830,0.000171591283906,0.000158663464363,0.000153055861053,0.000143063370057,0.000138576240554,0.000135374571544,0.000130142297269,0.000126409554695,0.000123852083808,0.000121350801384,0.000118929258053,0.610665720992450,0.568050514793091,0.000117782878335,0.000118133212899,0.000119070584065,0.000121147866195,0.000122184742859,0.000123351263603,0.000126479490527,0.000127983317259,0.000129979123904,0.000134133711853,0.000138121168293,0.000145025857987,0.000153663235297,0.000163032139143,0.000176470319281,0.000193450040042,0.000221158066827
0.625,0.000188944421080,0.000171627621758,0.000158697064493,0.000153088273661,0.000143093666557,0.000138605586816,0.000135403239790,0.000130169857476,0.000126436324421,0.000123878311938,0.000121376499819,0.000118954443678,0.543900802596528,0.634822448599131,0.000117807821191,0.000118158229945,0.000119095799618,0.000121173521654,0.000122210617897,0.000123377385675,0.000126506275063,0.000128010420260,0.000130006649557,0.000134162117322,0.000138150418185,0.000145056570084,0.000153695776529,0.000163066664426,0.000176507690364,0.000193491006917,0.000221204901426
0.626,0.000188986471150,0.000171665817929,0.000158732382935,0.000153122343853,0.000143125512423,0.000138636433848,0.000135433374131,0.000130198827115,0.000126464463152,0.000123905881377,0.000121403512473,0.000118980917297,0.477124529495726,0.701630201325666,0.000117834039627,0.000118184526365,0.000119122304697,0.000121200489135,0.000122237816186,0.000123404843632,0.000126534429362,0.000128038909311,0.000130035582873,0.000134191975449,0.000138181163918,0.000145088852799,0.000153729981922,0.000163102955334,0.000176546972608,0.000193534068842,0.000221254131149
0.627,0.000189011195710,0.000171688276478,0.000158753149439,0.000153142376412,0.000143144237125,0.000138654571257,0.000135451092493,0.000130215860656,0.000126481008136,0.000123922091630,0.000121419395348,0.000118996483230,0.410269070357402,0.768385421198308,0.000117849455518,0.000118199988109,0.000119137889127,0.000121216345448,0.000122253808210,0.000123420988335,0.000126550983500,0.000128055660275,0.000130052595057,0.000134209531401,0.000138199241765,0.000145107834359,0.000153750093977,0.000163124293627,0.000176570069744,0.000193559388351,0.000221283077195
0.628,0.000189026221480,0.000171701925132,0.000158765769794,0.000153154550728,0.000143155616622,0.000138665593840,0.000135461860410,0.000130226212389,0.000126491062961,0.000123931943029,0.000121429047791,0.000119005943060,0.343378485672247,0.835126998920012,0.000117858824163,0.000118209384620,0.000119147360199,0.000121225981750,0.000122263526987,0.000123430799898,0.000126561043888,0.000128065840280,0.000130062933811,0.000134220200619,0.000138210228151,0.000145119369956,0.000153762316605,0.000163137261474,0.000176584106485,0.000193574775688,0.000221300668474
0.629,0.000189030454790,0.000171705770459,0.000158769325410,0.000153157980679,0.000143158822644,0.000138668699306,0.000135464894127,0.000130229128852,0.000126493895774,0.000123934718530,0.000121431767238,0.000119008608241,0.276473286822808,0.901827688844741,0.000806761718747,0.000118212031962,0.000119150028547,0.000121228696649,0.000122266265123,0.000123433564175,0.000126563878268,0.000128068708361,0.000130065846617,0.000134223206528,0.000138213323419,0.000145122619956,0.000153765760167,0.000163140914991,0.000176588061149,0.000193579110864,0.000221305624582
0.630,0.000189016718510,0.000171693293112,0.000158757788116,0.000153146851145,0.000143148419719,0.000138658622665,0.000135455050297,0.000130219665489,0.000126484703840,0.000123925712563,0.000121422943153,0.000118999960240,0.209533361050088,0.968427531154824,0.052594802506565,0.000118203441846,0.000119141370269,0.000121219887321,0.000122257380397,0.000123424594626,0.000126554681248,0.000128059401989,0.000130056395120,0.000134213452928,0.000138203279868,0.000145112074328,0.000153754586467,0.000163129060027,0.000176575229021,0.000193565044047,0.000221289542961
0.631,0.000188998141720,0.000171676418889,0.000158742185210,0.000153131799689,0.000143134350920,0.000138644995129,0.000135441737612,0.000130206867344,0.000126472272771,0.000123913532995,0.000121411009561,0.000118988264781,0.142599509547807,1.000000000000000,0.119370307360980,0.000118191824670,0.000119129660912,0.000121207973685,0.000122245364795,0.000123412464309,0.000126542243302,0.000128046816157,0.000130043613021,0.000134200262269,0.000138189697084,0.000145097812539,0.000153739475282,0.000163113027507,0.000176557874995,0.000193546020242,0.000221267794359
0.632,0.000188950938070,0.000171633541464,0.000158702538204,0.000153093553916,0.000143098602083,0.000138610367541,0.000135407910060,0.000130174347239,0.000126440685408,0.000123882584696,0.000121380686285,0.000118958546603,0.075679152626539,0.999750242797999,0.186092707559660,0.000118162305408,0.000119099907419,0.000121177701119,0.000122214833133,0.000123381641155,0.000126510638464,0.000128014835541,0.000130011133690,0.000134166744785,0.000138155183210,0.000145061573313,0.000153701077738,0.000163072288851,0.000176513778392,0.000193497680726,0.000221212531131
0.633,0.000188905022890,0.000171591834421,0.000158663973401,0.000153056352100,0.000143063829045,0.000138576685146,0.000135375005865,0.000130142714803,0.000126409960253,0.000123852481161,0.000121351190713,0.000118929639612,0.011334362245690,0.999507302905479,0.252795258228456,0.000118133591904,0.000119070966078,0.000121148254872,0.000122185134863,0.000123351659350,0.000126479896310,0.000127983727867,0.000129979540914,0.000134134142193,0.000138121611426,0.000145026323272,0.000153663728293,0.000163032662197,0.000176470885448,0.000193450660685,0.000221158776366
0.634,0.000188845345290,0.000171537626287,0.000158613849350,0.000153007999570,0.000143018633286,0.000138532906935,0.000135332239107,0.000130101600995,0.000126370025672,0.000123813354521,0.000121312854263,0.000118892068163,0.000117979816438,0.999191545365786,0.319442081658484,0.000118096271937,0.000119033349982,0.000121109982533,0.000122146534959,0.000123312690926,0.000126439939635,0.000127943296111,0.000129938478655,0.000134091767440,0.000138077976978,0.000144980507535,0.000153615183885,0.000162981158018,0.000176415135957,0.000193389547058,0.000221088909378
0.635,0.000188771860230,0.000171470876149,0.000158552128219,0.000152948459834,0.000142962980694,0.000138478999867,0.000135279577509,0.000130050974785,0.000126320851524,0.000123765175246,0.000121265648004,0.000118845803900,0.000117933907157,0.998802731645607,0.386006727245808,0.000118050317341,0.000118987030742,0.000121062855217,0.000122099004291,0.000123264706473,0.000126390738282,0.000127893509759,0.000129887915921,0.000134039588544,0.000138024246936,0.000144924091523,0.000153555407877,0.000162917737445,0.000176346487843,0.000193314293721,0.000221002877436
0.636,0.000188685293690,0.000171392243452,0.000158479419770,0.000152878321102,0.000142897421079,0.000138415496504,0.000135217541329,0.000129991336326,0.000126262923615,0.000123708419313,0.000121210038298,0.000118791303881,0.000117879825313,0.998344703177046,0.452499845318970,0.000117996182114,0.000118932465959,0.000121007338507,0.000122043012427,0.000123208180044,0.000126332778325,0.000127834860665,0.000129828352237,0.000133978120996,0.000137960952113,0.000144857632586,0.000153484990812,0.000162843027025,0.000176265619300,0.000193225644123,0.000220901530475
0.637,0.000188598448160,0.000171313357335,0.000158406476993,0.000152807956324,0.000142831650175,0.000138351788480,0.000135155305217,0.000129931505662,0.000126204809015,0.000123651480465,0.000121154249372,0.000118736628216,0.000117825569172,0.997885198441247,0.518931020841954,0.000117941872417,0.000118877725322,0.000120951642877,0.000121986840110,0.000123151471440,0.000126274631572,0.000127776022554,0.000129768596589,0.000133916455348,0.000137897453301,0.000144790959462,0.000153414346804,0.000162768075826,0.000176184490131,0.000193136708821,0.000220799856888
0.638,0.000188501039650,0.000171224876337,0.000158324662222,0.000152729033112,0.000142757879588,0.000138280331680,0.000135085499357,0.000129864397822,0.000126139625963,0.000123587616173,0.000121091674865,0.000118675302378,0.000117764713883,0.997369804453787,0.585256274678891,0.000117880957059,0.000118816326609,0.000120889173013,0.000121923835582,0.000123087865395,0.000126209412458,0.000127710027992,0.000129701572890,0.000133847289337,0.000137826231159,0.000144716176919,0.000153335110399,0.000162684008349,0.000176093493260,0.000193036956362,0.000220685816793
0.639,0.000188415824850,0.000171147471493,0.000158253089119,0.000152659989599,0.000142693343689,0.000138217819925,0.000135024431875,0.000129805690620,0.000126082602601,0.000123531746486,0.000121036933507,0.000118621653378,0.000117711476529,0.996918928125264,0.651566618449924,0.000117827667156,0.000118762613857,0.000120834523199,0.000121868718033,0.000123032221629,0.000126152357548,0.000127652294706,0.000129642939295,0.000133786781607,0.000137763924687,0.000144650755741,0.000153265792899,0.000162610464536,0.000176013887482,0.000192949691031,0.000220586052368
0.640,0.000188333198860,0.000171072418194,0.000158183690393,0.000152593043615,0.000142630768378,0.000138157207266,0.000134965219613,0.000129748766931,0.000126027311598,0.000123477574111,0.000120983855181,0.000118569634226,0.000117659856517,0.964925516890451,0.717826609708885,0.001887949218908,0.000118710532889,0.000120781533637,0.000121815274945,0.000122978268310,0.000126097035956,0.000127596315346,0.000129586086978,0.000133728112091,0.000137703511074,0.000144587322046,0.000153198581253,0.000162539154970,0.000175936700114,0.000192865076805,0.000220489318769
0.641,0.000188257385980,0.000171003553582,0.000158120014094,0.000152531617811,0.000142573352854,0.000138101592559,0.000134910889829,0.000129696537013,0.000125976579739,0.000123427868639,0.000120935153548,0.000118521904428,0.000117612492947,0.898139527278611,0.784044848194317,0.066298853135277,0.000118662746374,0.000120732913447,0.000121766238626,0.000122928763832,0.000126046276028,0.000127544951889,0.000129533922545,0.000133674280300,0.000137648079001,0.000144529118918,0.000153136911692,0.000162473725394,0.000175865877401,0.000192787439633,0.000220400561553
0.642,0.000188206783020,0.000170957588394,0.000158077511959,0.000152490617819,0.000142535029610,0.000138064471309,0.000134874626230,0.000129661675014,0.000125942717652,0.000123394691638,0.000120902646580,0.000118490046134,0.000117580879099,0.831506680099978,0.850335154461131,0.132979888577543,0.000118630850221,0.000120700460841,0.000121733508265,0.000122895720988,0.000126012395208,0.000127510668230,0.000129499104257,0.000133638349098,0.000137611079654,0.000144490269971,0.000153095748999,0.000162430052996,0.000175818605238,0.000192735619009,0.000220341318615
0.643,0.000188167083730,0.000170921527553,0.000158044167970,0.000152458452298,0.000142504964065,0.000138035348759,0.000134846176528,0.000129634324903,0.000125916151997,0.000123368663449,0.000120877144049,0.000118465052504,0.000117556077244,0.764953860785691,0.916642817116338,0.199624858611827,0.000118605826891,0.000120675000958,0.000121707830478,0.000122869798050,0.000125985814856,0.000127483771840,0.000129471788438,0.000133610160169,0.000137582052740,0.000144459791999,0.000153063455834,0.000162395790906,0.000175781519041,0.000192694964432,0.000220294841045
0.644,0.000188157522640,0.000170912842739,0.000158036137476,0.000152450705624,0.000142497723145,0.000138028334948,0.000134839324764,0.000129627737962,0.000125909753983,0.000123362394877,0.000120871002076,0.000118459033093,0.000117550104020,0.698552651365421,0.982341378517576,0.266296114241066,0.000118599800327,0.000120668869256,0.000121701646295,0.000122863554826,0.000125979413302,0.000127477294172,0.000129465209756,0.000133603371209,0.000137575061961,0.000144452451751,0.000153055678420,0.000162387539299,0.000175772587283,0.000192685173273,0.000220283647489
0.645,0.000188159067540,0.000170914246049,0.000158037435059,0.000152451957347,0.000142498893148,0.000138029468254,0.000134840431885,0.000129628802293,0.000125910787787,0.000123363407766,0.000120871994508,0.000118460005721,0.000117551069185,0.632183788730667,0.997204268275492,0.332980247115030,0.000118600774111,0.000120669860029,0.000121702645548,0.000122864563619,0.000125980447678,0.000127478340847,0.000129466272752,0.000133604468183,0.000137576191545,0.000144453637803,0.000153056935110,0.000162388872610,0.000175774030494,0.000192686755348,0.000220285456166
0.646,0.000188203792860,0.000170954872283,0.000158075000482,0.000152488195104,0.000142532765066,0.000138062277792,0.000134872483391,0.000129659614997,0.000125940716721,0.000123392731188,0.000120900725723,0.000118488163608,0.000117579011018,0.565943683122846,0.997441303238730,0.399745423519212,0.000118628965458,0.000120698543196,0.000121731574208,0.000122893768466,0.000126010393170,0.000127508642387,0.000129497046823,0.000133636225901,0.000137608893340,0.000144487974363,0.000153093316670,0.000162427472367,0.000175815811897,0.000192732556897,0.000220337817913
0.647,0.000188259924190,0.000171005859164,0.000158122145972,0.000152533674343,0.000142575275122,0.000138103454535,0.000134912708786,0.000129698285667,0.000125978278238,0.000123429532775,0.000120936784075,0.000118523502418,0.000117614078676,0.499714017063670,0.997738787712930,0.466582335768412,0.000118664346263,0.000120734541248,0.000121767880358,0.000122930421238,0.000126047975467,0.000127546671534,0.000129535669007,0.000133676082585,0.000137649934863,0.000144531067555,0.000153138976384,0.000162475915972,0.000175868248541,0.000192790038920,0.000220403533139
0.648,0.000188339780270,0.000171078396416,0.000158189218211,0.000152598376065,0.000142635752691,0.000138162035248,0.000134969936048,0.000129753301075,0.000126031715694,0.000123481889104,0.000120988083031,0.000118573777708,0.000117663968207,0.433487639676728,0.998162008486772,0.533526240048880,0.000118714681296,0.000120785754416,0.000121819531848,0.000122982565855,0.000126101442488,0.000127600774271,0.000129590615437,0.000133732785295,0.000137708323201,0.000144592374732,0.000153203934864,0.000162544834993,0.000175942848321,0.000192871816584,0.000220497023892
0.649,0.000188436774620,0.000171166501212,0.000158270685124,0.000152676963712,0.000142709209621,0.000138233188229,0.000135039445109,0.000129820123587,0.000126096621601,0.000123545481860,0.000121050391484,0.000118634842803,0.000117724564752,0.367238322792533,0.998676058561613,0.600569583584873,0.010936283530234,0.000120847958671,0.000121882268495,0.000123045901460,0.000126166384304,0.000127666488239,0.000129657354166,0.000133801657228,0.000137779242522,0.000144666839316,0.000153282834372,0.000162628545033,0.000176033458293,0.000192971144917,0.000220610579114
0.650,0.000188539386480,0.000171259708671,0.000158356870262,0.000152760102830,0.000142786920872,0.000138308462095,0.000135112979846,0.000129890816180,0.000126165286589,0.000123612757643,0.000121116308585,0.000118699444534,0.000117788670799,0.300941277172642,0.999219880259560,0.667713347465731,0.078289148711448,0.000120913765538,0.000121948638589,0.000123112905201,0.000126235087281,0.000127736008086,0.000129727958124,0.000133874517936,0.000137854269195,0.000144745616580,0.000153366303412,0.000162717103212,0.000176129316018,0.000193076225935,0.000220730710983
0.651,0.000188686584610,0.000171393416059,0.000158480504032,0.000152879367043,0.000142898398734,0.000138416443495,0.000135218466441,0.000129992225682,0.000126263787463,0.000123709265684,0.000121210867576,0.000118792116610,0.000117880631807,0.234615546701778,1.000000000000000,0.735103544411885,0.145749760887007,0.000121008166398,0.000122043847403,0.000123209022993,0.000126333642650,0.000127835735267,0.000129829240478,0.000133979037629,0.000137961895994,0.000144858623652,0.000153486040903,0.000162844141141,0.000176266825249,0.000193226966106,0.000220903041807
0.652,0.000188580138690,0.000171296725932,0.000158391098613,0.000152793121458,0.000142817783827,0.000138338357045,0.000135142184102,0.000129918891682,0.000126192556829,0.000123639476162,0.000121142487503,0.000118725101055,0.000117814130458,0.167960055982738,0.999435858518343,0.801508219405327,0.213017117520059,0.000120939900678,0.000121974997413,0.000123139515678,0.000126262372608,0.000127763617832,0.000129755998425,0.000133903454502,0.000137884065973,0.000144776902900,0.000153399453068,0.000162752274014,0.000176167385830,0.000193117958769,0.000220778421249
0.653,0.000188470717640,0.000171197333346,0.000158299194341,0.000152704465336,0.000142734915758,0.000138258088102,0.000135063769695,0.000129843508019,0.000126119335321,0.000123567736044,0.000121072196229,0.000118656212437,0.000117745770418,0.101389796104815,0.998855949526487,0.867835547720047,0.280215898412021,0.000120869726952,0.000121904223086,0.000123068065656,0.000126189110591,0.000127689484738,0.000129680709279,0.000133825758852,0.000137804060627,0.000144692898080,0.000153310445131,0.000162657839230,0.000176065167110,0.000193005904711,0.000220650317585
0.654,0.000188368452400,0.000171104440739,0.000158213300335,0.000152621607060,0.000142657467014,0.000138183068509,0.000134990483357,0.000129773054223,0.000126050902282,0.000123500687516,0.000121006501795,0.000118591828928,0.000117681880921,0.034886321097663,0.983442610210790,0.934120806022829,0.347349703406696,0.000120804142379,0.000121838077189,0.000123001288252,0.000126120639691,0.000127620199727,0.000129610343818,0.000133753144265,0.000137729287391,0.000144614386924,0.000153227258046,0.000162569580199,0.000175969633189,0.000192901178654,0.000220530591519
0.655,0.000188244641470,0.000170991977109,0.000158109309801,0.000152521291838,0.000142563701028,0.000138092243459,0.000134901756730,0.000129687756912,0.000125968051469,0.000123419512910,0.000120926966569,0.000118513880819,0.000117604530903,0.000117178022000,0.917020634244546,0.998332038120387,0.414351157696330,0.000120724740159,0.000121757995385,0.000122920441891,0.000126037743040,0.000127536317445,0.000129525153453,0.000133665230917,0.000137638760602,0.000144519334692,0.000153126544742,0.000162462726367,0.000175853971763,0.000192774388451,0.000220385641038
0.656,0.000188127017740,0.000170885133621,0.000158010515984,0.000152425989665,0.000142474620807,0.000138005957206,0.000134817464037,0.000129606722160,0.000125889340957,0.000123342394840,0.000120851405954,0.000118439828009,0.000117531046295,0.000117104803895,0.849974767731378,1.000000000000000,0.481291862819088,0.000120649305904,0.000121681915505,0.000122843635663,0.000125958988982,0.000127456627010,0.000129444220304,0.000133581710861,0.000137552757706,0.000144429032503,0.000153030864380,0.000162361212339,0.000175744090281,0.000192653934331,0.000220247934164
0.657,0.000187983946850,0.000170755175210,0.000157890348740,0.000152310069463,0.000142366268636,0.000137901003460,0.000134714935146,0.000129508156046,0.000125793601917,0.000123248592756,0.000120759498271,0.000118349754335,0.000117441663752,0.000117015745509,0.782906042708548,0.999239498420612,0.548074344604366,0.000120557551919,0.000121589376219,0.000122750212886,0.000125863196975,0.000127359696047,0.000129345777773,0.000133480121762,0.000137448148619,0.000144319193999,0.000152914484170,0.000162237736384,0.000175610436627,0.000192507420714,0.000220080435267
0.658,0.000187835141780,0.000170620008159,0.000157765365279,0.000152189503261,0.000142253573786,0.000137791843243,0.000134608296969,0.000129405639472,0.000125694025724,0.000123151031152,0.000120663906994,0.000118256070573,0.000117348698819,0.000116923117726,0.715928279356861,0.998448516495874,0.614724009404005,0.000120462120499,0.000121493128024,0.000122653045791,0.000125763565692,0.000127258880159,0.000129243389734,0.000133374461044,0.000137339346875,0.000144204953245,0.000152793439522,0.000162109311600,0.000175471426229,0.000192355034934,0.000219906223133
0.659,0.000187669400930,0.000170469457496,0.000157626157218,0.000152055215196,0.000142128052928,0.000137670259300,0.000134489522104,0.000129291455297,0.000125583116581,0.000123042365881,0.000120557436297,0.000118151724488,0.000117245153375,0.000116819947804,0.648985386653467,0.997567511475708,0.681217740995682,0.000120355827853,0.000121385925644,0.000122544819930,0.000125652595188,0.000127146590229,0.000129129348725,0.000133256774884,0.000137218162202,0.000144077710540,0.000152658618560,0.000161966270554,0.000175316594800,0.000192185305848,0.000219712183594
0.660,0.000187496478960,0.000170312383864,0.000157480917635,0.000151915108779,0.000141997093577,0.000137543407440,0.000134365601034,0.000129172323819,0.000125467402033,0.000122928992426,0.000120446352501,0.000118042857358,0.000117137121577,0.000116712307798,0.582137323978156,0.996648334748479,0.747564434475232,0.025125178086125,0.000121274078463,0.000122431904923,0.000125536816621,0.000127029435068,0.000129010366614,0.000133133989688,0.000137091726913,0.000143944954740,0.000152517956156,0.000161817031912,0.000175155054928,0.000192008222842,0.000219509736826
0.661,0.000187304927280,0.000170138387939,0.000157320030697,0.000151759908028,0.000141852025350,0.000137402889224,0.000134228329354,0.000129040357738,0.000125339221004,0.000122803404708,0.000120323301117,0.000117922261453,0.000117017450996,0.000116593071220,0.515371881734450,0.995630130746455,0.813694852232093,0.093172694621162,0.000121150181451,0.000122306825043,0.000125408564676,0.000126899658222,0.000128878565993,0.000132997976257,0.000136951670147,0.000143797896523,0.000152362139520,0.000161651715078,0.000174976111594,0.000191812061837,0.000219285479501
0.662,0.000187099130800,0.000169951452753,0.000157147179352,0.000151593165726,0.000141696169079,0.000137251921327,0.000134080849423,0.000128898577957,0.000125201507752,0.000122668477620,0.000120191098979,0.000117792697396,0.000116888881076,0.000116464967576,0.448695953420322,0.994536207751985,0.879633271617101,0.161068714980738,0.000121017070800,0.000122172443559,0.000125270775235,0.000126760230480,0.000128736963977,0.000132851848146,0.000136801198015,0.000143639902276,0.000152194735531,0.000161474104406,0.000174783861084,0.000191601313259,0.000219044545210
0.663,0.000186878741360,0.000169751262056,0.000156962071176,0.000151414599782,0.000141529261092,0.000137090248347,0.000133922911740,0.000128746744620,0.000125054029300,0.000122523982897,0.000120049522432,0.000117653945994,0.000116751194306,0.000116327780146,0.382135617332306,0.993364715012982,0.945350848156294,0.228785296842883,0.000120874521316,0.000122028533129,0.000125123215191,0.000126610915964,0.000128585321010,0.000132695358138,0.000136640055955,0.000143470704709,0.000152015460980,0.000161283899421,0.000174577978154,0.000191375620569,0.000218786526349
0.664,0.000186646006770,0.000169539857644,0.000156766594136,0.000151226031438,0.000141353003726,0.000136919519229,0.000133756127151,0.000128586406314,0.000124898289819,0.000122371394278,0.000119900015451,0.000117507422411,0.000116605794989,0.000116182908139,0.315721781986581,0.992127600839832,1.000000000000000,0.296334083046973,0.000120723986900,0.000121876561533,0.000124967389547,0.000126453237571,0.000128425183737,0.000132530102317,0.000136469887496,0.000143292029514,0.000151826144337,0.000161083040073,0.000174360562658,0.000191137285666,0.000218514054520
0.665,0.000186394656110,0.000169311543329,0.000156555481198,0.000151022379811,0.000141162647815,0.000136735133760,0.000133576001729,0.000128413242802,0.000124730092984,0.000122206600339,0.000119738549644,0.000117349178638,0.000116448765412,0.000116026448051,0.249435851435324,0.988520870870431,0.998653329566593,0.363677379338250,0.000120561411476,0.000121712433970,0.000124799099658,0.000126282946734,0.000128252237338,0.000132351627946,0.000136286107533,0.000143099062374,0.000151621684557,0.000160866114304,0.000174125756443,0.000190879886734,0.000218219788102
0.666,0.000186127357940,0.000169068743098,0.000156330973722,0.000150805807048,0.000140960214343,0.000136539049538,0.000133384447842,0.000128229092540,0.000124551224522,0.000122031350676,0.000119566839275,0.000117180894733,0.000116281772739,0.000115860061000,0.183311839281575,0.923007198960724,0.997221216609347,0.430789128311419,0.000120388521086,0.000121537892963,0.000124620132237,0.000126101851410,0.000128068317965,0.000132161829866,0.000136090667235,0.000142893851997,0.000151404252364,0.000160635425191,0.000173876052417,0.000190606156545,0.000217906851287
0.667,0.000185850099740,0.000168816895675,0.000156098100679,0.000150581164378,0.000140750237820,0.000136335658852,0.000133185756299,0.000128038080494,0.000124365691085,0.000121849570883,0.000119388730657,0.000117006340254,0.000116108557606,0.000115687474055,0.117382019361934,0.855768604906819,0.995735740414030,0.497691867887293,0.000120209188478,0.000121356848233,0.000124434496154,0.000125914008136,0.000127877545412,0.000131964959553,0.000135887944466,0.000142680995099,0.000151178718241,0.000160396140169,0.000173617043952,0.000190322226657,0.000217582253861
0.668,0.000185561450740,0.000168554701422,0.000155855660342,0.000150347292550,0.000140531634680,0.000136123912118,0.000132978901767,0.000127839220962,0.000124172535244,0.000121660322899,0.000119203304672,0.000116824614427,0.000115928226150,0.000115507796596,0.051633357785526,0.788678113231606,0.994189235321297,0.564358433232076,0.000120022488217,0.000121168365509,0.000124241233450,0.000125718447560,0.000127678935211,0.000131760001075,0.000135676893090,0.000142459393245,0.000150943918335,0.000160147024428,0.000173347394454,0.000190026631872,0.000217244320763
0.669,0.000185259018610,0.000168279987265,0.000155601643362,0.000150102253229,0.000140302593134,0.000135902054375,0.000132762169831,0.000127630865790,0.000123970156117,0.000121462038231,0.000119009024507,0.000116634211103,0.000115739283780,0.000115319539451,0.000790665633364,0.721750099516681,0.992568883862114,0.630756378569722,0.000119826872928,0.000120970882645,0.000124038742358,0.000125513548872,0.000127470841277,0.000131545255730,0.000135455763908,0.000142227209796,0.000150697906620,0.000159886013288,0.000173064869061,0.000189716922291,0.000216890251195
0.670,0.000184952216800,0.000168001303911,0.000155343956227,0.000149853673466,0.000140070242289,0.000135676991128,0.000132542306451,0.000127419500206,0.000123764852923,0.000121260888654,0.000118811937291,0.000116441056744,0.000115547611482,0.000115128562279,0.000115318661230,0.655009364965649,0.990925120799176,0.696929929764192,0.037706881545881,0.000120770546456,0.000123833325580,0.000125305689712,0.000127259740705,0.000131327407645,0.000135231439749,0.000141991671652,0.000150448340414,0.000159621230938,0.000172778261610,0.000189402737883,0.000216531065865
0.671,0.000184639666580,0.000167717398990,0.000155081440921,0.000149600436174,0.000139833537989,0.000135447710970,0.000132318323588,0.000127204174359,0.000123555703054,0.000121055970227,0.000118611157340,0.000116244283336,0.000115352347906,0.000114934006853,0.000115123784555,0.588467765373179,0.989250559327530,0.762856725680482,0.105322028887755,0.000120566456656,0.000123624059998,0.000125093935987,0.000127044684834,0.000131105477836,0.000135002912527,0.000141751720333,0.000150194098195,0.000159351487478,0.000172486284122,0.000189082666740,0.000216165150639
0.672,0.000184321266750,0.000167428180577,0.000154814012447,0.000149342459357,0.000139592403592,0.000135214139664,0.000132090148719,0.000126984818528,0.000123342638789,0.000120847216598,0.000118406619642,0.000116043827168,0.000115153429826,0.000114735810176,0.000114925260619,0.522142652338979,0.987544657055213,0.828518223144039,0.172702567491707,0.000120358547164,0.000123410877856,0.000124878219133,0.000126825604033,0.000130879394445,0.000134770108248,0.000141507278148,0.000149935097645,0.000159076695569,0.000172188842058,0.000188756605228,0.000215792387037
0.673,0.000184022791270,0.000167157060443,0.000154563318712,0.000149100625829,0.000139366358543,0.000134995184434,0.000131876252237,0.000126779189219,0.000123142907342,0.000120651526043,0.000118214881199,0.000115855914847,0.000114966959345,0.000114550015956,0.000114739159617,0.456081049399344,0.985945504328820,0.894056927065213,0.239863758822227,0.000120163647922,0.000123211035908,0.000124676001087,0.000126620232544,0.000130667458564,0.000134551872049,0.000141278132301,0.000149692304444,0.000158819099178,0.000171910012880,0.000188450947507,0.000215442949680
0.674,0.000183725214240,0.000166886756416,0.000154313379599,0.000148859520251,0.000139140993920,0.000134776888289,0.000131662999611,0.000126574178882,0.000122943777112,0.000120456424542,0.000118023719914,0.000115668568167,0.000114781050164,0.000114364781001,0.000114553618804,0.390232909028524,0.984351165181402,0.959383369624143,0.306819562809834,0.000119969335353,0.000123011795510,0.000124474391743,0.000126415479250,0.000130456160637,0.000134334292769,0.000141049676213,0.000149450242083,0.000158562278186,0.000171632023014,0.000188146209855,0.000215094564175
0.675,0.000183445649820,0.000166632814139,0.000154078569528,0.000148633009015,0.000138929270823,0.000134571805808,0.000131462655362,0.000126381578007,0.000122756700418,0.000120273132714,0.000117844129797,0.000115492561753,0.000114606394237,0.000114190758487,0.000114379308946,0.324639033390418,0.927984100219235,1.000000000000000,0.373593899019818,0.000119786784701,0.000122824615316,0.000124284985998,0.000126223119860,0.000130257652768,0.000134129883761,0.000140835048781,0.000149222831978,0.000158321002804,0.000171370860129,0.000187859918252,0.000214767266763
0.676,0.000183192208740,0.000166402600992,0.000153865700817,0.000148427663669,0.000138737331769,0.000134385886852,0.000131281031882,0.000126206974338,0.000122587104733,0.000120106968225,0.000117681321120,0.000115333001907,0.000114448058684,0.000114032997160,0.000114221287125,0.259268790652539,0.861265155161456,0.998618440488522,0.440214216521639,0.000119621292130,0.000122654925802,0.000124113278895,0.000126048735110,0.000130077694070,0.000133944575346,0.000140640476781,0.000149016671757,0.000158102272918,0.000171134101090,0.000187600378598,0.000214470553006
0.677,0.000182973220980,0.000166203683510,0.000153681769932,0.000148250233407,0.000138571485319,0.000134225242114,0.000131124098684,0.000126056106663,0.000122440564246,0.000119963392490,0.000117540645001,0.000115195132966,0.000114311247604,0.000113896682243,0.000114084747127,0.194114733799976,0.794876943074102,0.997424693167984,0.506756024632855,0.000119478296972,0.000122508304242,0.000123964914021,0.000125898056594,0.000129922199341,0.000133784458152,0.000140472355314,0.000148838537396,0.000157913277639,0.000170929527578,0.000187376121316,0.000214214175148
0.678,0.000182781908220,0.000166029904608,0.000153521083666,0.000148095226236,0.000138426598034,0.000134084899164,0.000130986998221,0.000125924305181,0.000122312543095,0.000119837961416,0.000117417747098,0.000115074687479,0.000114191726287,0.000113777594387,0.000113965462635,0.129146874520405,0.728767039331389,0.996381807905292,0.573224086564811,0.000119353373103,0.000122380212264,0.000123835299044,0.000125766420365,0.000129786355558,0.000133644576076,0.000140325480521,0.000148682915107,0.000157748167003,0.000170750807438,0.000187180204981,0.000213990197536
0.679,0.000182610502390,0.000165874208162,0.000153377117510,0.000147956348240,0.000138296786904,0.000133959159513,0.000130864163662,0.000125806218220,0.000122197843105,0.000119725581994,0.000117307637259,0.000114966774871,0.000114084641687,0.000113670898143,0.000113858590215,0.064310182653223,0.662854537331674,0.995447439412723,0.639609814463855,0.048987367918510,0.000122265448817,0.000123719171073,0.000125648481463,0.000129664646915,0.000133519249343,0.000140193888693,0.000148543485999,0.000157600236851,0.000170590683911,0.000187004674598,0.000213789525775
0.680,0.000182468032550,0.000165744795715,0.000153257455097,0.000147840915026,0.000138188889928,0.000133854646685,0.000130762065501,0.000125708066188,0.000122102506271,0.000119632173979,0.000117216115687,0.000114877079603,0.000113995634645,0.000113582213898,0.000113769759535,0.001829153763689,0.597159187000334,0.994670806948579,0.705993666026865,0.116470557112155,0.000122170059238,0.000123622647323,0.000125550452495,0.000129563484598,0.000133415079726,0.000140084511627,0.000148427594709,0.000157477279626,0.000170457591744,0.000186858776494,0.000213622730552
0.681,0.000182343792410,0.000165631942212,0.000153153104064,0.000147740252045,0.000138094798887,0.000133763506775,0.000130673031290,0.000125622473181,0.000122019368243,0.000119550717968,0.000117136304739,0.000114798861275,0.000113918016481,0.000113504877227,0.000113692295167,0.000114030462659,0.531630259895114,0.993993548427969,0.772350289411554,0.183866687726734,0.000122086875214,0.000123538474250,0.000125464966804,0.000129475266486,0.000133324239112,0.000139989129882,0.000148326532266,0.000157370055369,0.000170341529359,0.000186731546753,0.000213477277578
0.682,0.000182230214220,0.000165528773489,0.000153057708152,0.000147648227687,0.000138008782483,0.000133680188244,0.000130591637752,0.000125544225531,0.000121943364893,0.000119476252290,0.000117063342949,0.000114727355430,0.000113847059296,0.000113434177378,0.000113621478580,0.000113959435435,0.466205866218694,0.993374410279372,0.838653115316255,0.251173666488010,0.000122010829815,0.000123461524681,0.000125386817262,0.000129394619011,0.000133241194191,0.000139901933538,0.000148234142726,0.000157272032805,0.000170235427131,0.000186615235521,0.000213344306982
0.683,0.000182120969490,0.000165429541064,0.000152965951974,0.000147559714425,0.000137926047948,0.000133600048646,0.000130513349702,0.000125468963341,0.000121870261374,0.000119404627774,0.000116993164942,0.000114658577818,0.000113778809411,0.000113366175010,0.000113553363927,0.000113891118181,0.400872152120530,0.992778894835140,0.904906003886526,0.318416070407146,0.000121937685852,0.000123387511043,0.000125311649437,0.000129317048558,0.000133161317765,0.000139818064082,0.000148145278215,0.000157177750192,0.000170133373125,0.000186503362026,0.000213216409743
0.684,0.000182006559820,0.000165325617066,0.000152869857690,0.000147467016378,0.000137839401837,0.000133516120159,0.000130431360300,0.000125390142859,0.000121793701622,0.000119329616949,0.000116919669015,0.000114586548496,0.000113707332765,0.000113294957584,0.000113482028908,0.000113819570982,0.335618431672124,0.992155224105074,0.971051249827127,0.385566681818595,0.000121861083743,0.000123309998144,0.000125232927780,0.000129235810681,0.000133077664891,0.000139730229394,0.000148052212312,0.000157079010027,0.000170026494148,0.000186386199306,0.000213082465699
0.685,0.000181888904620,0.000165218744992,0.000152771037440,0.000147371688708,0.000137750297783,0.000133429810820,0.000130347045055,0.000125309086427,0.000121714970051,0.000119252478246,0.000116844088184,0.000114512475873,0.000113633828497,0.000113221719889,0.000113408670284,0.000113745994159,0.270430141387671,0.991513861390214,1.000000000000000,0.452612666333265,0.000121782308614,0.000123230286388,0.000125151972977,0.000129152268280,0.000132991638985,0.000139639903045,0.000147956506352,0.000156977468839,0.000169916583267,0.000186265712959,0.000212944721982
0.686,0.000181752863710,0.000165095172262,0.000152656774776,0.000147261464400,0.000137647269641,0.000133330014118,0.000130249554058,0.000125215363491,0.000121623935277,0.000119163285254,0.000116756696509,0.000114426828090,0.000113548837884,0.000113137037507,0.000113323848074,0.000113660919654,0.205305136571815,0.949084073946907,0.999252065945569,0.519530905526418,0.000121691223475,0.000123138118257,0.000125058367552,0.000129055670897,0.000132892170006,0.000139535461603,0.000147845844639,0.000156860060041,0.000169789496865,0.000186126398485,0.000212785453368
0.687,0.000181611818460,0.000164967053842,0.000152538308895,0.000147147185430,0.000137540451552,0.000133226546338,0.000130148476801,0.000125118192905,0.000121529551739,0.000119070811248,0.000116666090083,0.000114338029706,0.000113460720845,0.000113049240036,0.000113235905634,0.000113572715636,0.140284902437907,0.882343448910611,0.998476618716614,0.586332305673712,0.000121596787720,0.000123042559671,0.000124961318799,0.000128955520126,0.000132789042006,0.000139427178225,0.000147731112173,0.000156738332295,0.000169657735518,0.000185981959251,0.000212620325970
0.688,0.000181448412790,0.000164818624339,0.000152401062185,0.000147014789396,0.000137416699200,0.000133106675433,0.000130031375396,0.000125005617510,0.000121420205233,0.000118963677000,0.000116561119488,0.000114235153789,0.000113358634289,0.000112947523711,0.000113134021355,0.000113470528312,0.075344690772075,0.815604836074725,0.997578236976743,0.652937006561332,0.000121487380718,0.000122931851833,0.000124848884552,0.000128839492087,0.000132669564746,0.000139301728286,0.000147598190750,0.000156597306604,0.000169505085563,0.000185814621536,0.000212429020321
0.689,0.000181274937120,0.000164661047753,0.000152255357542,0.000146874234355,0.000137285320515,0.000132979417391,0.000129907057528,0.000124886104570,0.000121304120164,0.000118849940521,0.000116449680000,0.000114125938065,0.000113250256570,0.000112839539039,0.000113025858380,0.000113362043616,0.010520632786485,0.748955018892954,0.996624491771897,0.719392668435958,0.000121371231425,0.000122814321538,0.000124729521458,0.000128716313731,0.000132542724609,0.000139168547399,0.000147457077942,0.000156447590096,0.000169343028437,0.000185636971506,0.000212225925314
0.690,0.000181083709900,0.000164487346552,0.000152094743122,0.000146719296491,0.000137140498012,0.000132839137192,0.000129770018366,0.000124754362020,0.000121176156254,0.000118724565529,0.000116326837047,0.000114005546431,0.000113130788694,0.000112720504429,0.000112906627222,0.000113242457816,0.000114141021498,0.682352768741060,0.995573150988150,0.785642926475267,0.000121243196720,0.000122684764515,0.000124597944087,0.000128580530687,0.000132402905077,0.000139021738276,0.000147301525236,0.000156282553284,0.000169164388207,0.000185441142769,0.000212002047847
0.691,0.000180882688000,0.000164304748355,0.000151925902014,0.000146556422692,0.000136988257683,0.000132691671825,0.000129625960042,0.000124615871600,0.000121041638019,0.000118592768816,0.000116197702064,0.000113878988323,0.000113005201660,0.000112595372853,0.000112781289031,0.000113116746817,0.000114014312999,0.615856167685110,0.994467960462391,0.851693728487184,0.005425665462050,0.000122548571566,0.000124459627309,0.000128437792819,0.000132255923974,0.000138867409574,0.000147138005102,0.000156109063268,0.000168976598003,0.000185235283662,0.000211766703351
0.692,0.000180662071010,0.000164104350962,0.000151740602716,0.000146377672381,0.000136821177365,0.000132529831919,0.000129467859289,0.000124463881497,0.000120894007297,0.000118448124904,0.000116055979340,0.000113740093662,0.000112867372729,0.000112458043778,0.000112643733199,0.000112978781838,0.000113875253287,0.549457675270857,0.993255038823734,0.917508065256391,0.066401481480121,0.000122399102884,0.000124307827771,0.000128281141237,0.000132094615536,0.000138698037312,0.000146958545453,0.000155918661898,0.000168770502501,0.000185009357946,0.000211508418088
0.693,0.000180424414550,0.000163888475771,0.000151540991728,0.000146185116194,0.000136641192510,0.000132355492222,0.000129297547541,0.000124300152357,0.000120734974238,0.000118292309342,0.000115903310586,0.000113590471399,0.000112718898508,0.000112310108019,0.000112495553171,0.000112830161062,0.000113725453224,0.483162312058892,0.991948436471625,0.983066283644443,0.134772495390201,0.000122238089909,0.000124144303916,0.000128112390587,0.000131920848355,0.000138515583495,0.000146765225142,0.000155713554777,0.000168548489103,0.000184765982738,0.000211230184026
0.694,0.000180168799160,0.000163656287590,0.000151326296783,0.000145978009159,0.000136447606781,0.000132167978238,0.000129114365885,0.000124124050736,0.000120563923565,0.000118124719303,0.000115739105148,0.000113429542665,0.000112559204571,0.000112150993234,0.000112336175656,0.000112670309493,0.000113564333255,0.416998128588525,0.990543098542870,1.000000000000000,0.202942932498180,0.000122064909704,0.000123968423093,0.000127930887996,0.000131733950151,0.000138319342232,0.000146557296241,0.000155492948374,0.000168309698872,0.000184504216453,0.000210930924715
0.695,0.000179902811120,0.000163414677415,0.000151102889704,0.000145762497902,0.000136246165513,0.000131972855100,0.000128923750877,0.000123940803064,0.000120385931804,0.000117950328605,0.000115568236397,0.000113262083583,0.000112393030392,0.000111985421708,0.000112170330741,0.000112503971287,0.000113396675178,0.351011044246631,0.989080733108175,0.998523673087172,0.270891728768149,0.000121884701998,0.000123785405178,0.000127742020188,0.000131539467780,0.000138115137670,0.000146340929766,0.000155263389956,0.000168061218740,0.000184231827920,0.000210619521723
0.696,0.000179624148630,0.000163161554405,0.000150868837178,0.000145536717435,0.000136035125477,0.000131768434256,0.000128724052978,0.000123748823558,0.000120199458656,0.000117767628112,0.000115389225673,0.000113086645000,0.000112218937939,0.000111811960625,0.000111996583241,0.000112329706991,0.000113221028118,0.285185621166929,0.958340480714943,0.996976998614983,0.338626846798413,0.000121695907313,0.000123593666377,0.000127544152744,0.000131335718237,0.000137901202669,0.000146114253331,0.000155022892975,0.000167800898418,0.000183946459951,0.000210293280237
0.697,0.000179325636050,0.000162890400572,0.000150618112283,0.000145294853848,0.000135809052331,0.000131549451811,0.000128510129909,0.000123543168690,0.000119999702383,0.000117571913233,0.000115197463397,0.000112898709322,0.000112032444280,0.000111626143311,0.000111810459108,0.000112143029248,0.000113032869112,0.219538448176890,0.891016806977253,0.995320149095980,0.406105546204687,0.000121493664131,0.000123388269361,0.000127332190520,0.000131117454911,0.000137672028339,0.000145871429952,0.000154765264566,0.000167522034582,0.000183640764237,0.000209943799446
0.698,0.000179015405030,0.000162608602295,0.000150357544906,0.000145043495638,0.000135574104435,0.000131321872969,0.000128287809054,0.000123329440614,0.000119792104457,0.000117368515351,0.000114998173283,0.000112703396022,0.000111838629607,0.000111433031534,0.000111617028467,0.000111949023265,0.000112837323717,0.154109648325661,0.823858040041938,0.993598258152778,0.473314746534832,0.000121283481671,0.000123174809258,0.000127111907485,0.000130890623418,0.000137433857519,0.000145619074273,0.000154497522669,0.000167232223639,0.000183323068101,0.000209580599401
0.699,0.000178687108260,0.000162310393999,0.000150081803852,0.000144777500033,0.000135325474768,0.000131081041479,0.000128052541741,0.000123103266464,0.000119572417437,0.000117153272956,0.000114787277864,0.000112496709000,0.000111633528483,0.000111228674237,0.000111412333737,0.000111743719689,0.000112630391086,0.088885859085161,0.756861738793827,0.991776096077750,0.540245911513342,0.000121061059611,0.000122948918688,0.000126878796661,0.000130650582797,0.000137181817247,0.000145352023113,0.000154214189301,0.000166925536073,0.000182986871498,0.000209196249049
0.700,0.000178347617790,0.000162002017908,0.000149796661054,0.000144502434965,0.000135068367753,0.000130831998530,0.000127809252687,0.000122869380616,0.000119345239905,0.000116930691596,0.000114569191695,0.000112282974719,0.000111421434172,0.000111017349115,0.000111200659678,0.000111531416025,0.000112416402820,0.023899198978232,0.690051220245528,0.989891804880124,0.606889854980212,0.000120831053784,0.000122715326088,0.000126637737623,0.000130402357683,0.000136921183337,0.000145075866499,0.000153921195318,0.000166608391601,0.000182639211840,0.000208798793779
0.701,0.000177980329230,0.000161668391429,0.000149488170250,0.000144204847075,0.000134790208354,0.000130562563497,0.000127546042687,0.000122616343775,0.000119099460669,0.000116689884873,0.000114333248238,0.000112051739491,0.000111191973198,0.000110788720313,0.000110971653366,0.000111301728554,0.000112184892810,0.000114142048517,0.623392213865669,0.987853224645122,0.673159116343798,0.010683584219639,0.000122462606506,0.000126376940238,0.000130133807451,0.000136639208255,0.000144777097686,0.000153604210460,0.000166265278769,0.000182263085183,0.000208368794157
0.702,0.000177605070600,0.000161327525338,0.000149172985273,0.000143900801602,0.000134506012964,0.000130287281791,0.000127277121097,0.000122357816097,0.000118848348084,0.000116443852705,0.000114092184867,0.000111815486516,0.000110957532978,0.000110555130322,0.000110737677674,0.000111067056923,0.000111948359091,0.000113901388277,0.556988956688611,0.985770407658863,0.739128429998413,0.078838889748164,0.000122204402972,0.000126110483616,0.000129859429746,0.000136351114383,0.000144471845664,0.000153280347111,0.000165914720474,0.000181878796673,0.000207929463650
0.703,0.000177216795320,0.000160974835576,0.000148846867430,0.000143586209660,0.000134211959649,0.000130002451348,0.000126998871384,0.000122090320833,0.000118588525122,0.000116189286383,0.000113842759697,0.000111571038600,0.000110714960697,0.000110313437762,0.000110495586035,0.000110824245203,0.000111703620693,0.000113652380220,0.490813236024280,0.983615343717975,0.804753865676049,0.146707323449036,0.000121937243095,0.000125834784374,0.000129575534662,0.000136053027358,0.000144156005322,0.000152945249867,0.000165552002313,0.000181481178291,0.000207474894023
0.704,0.000176837854360,0.000160630624641,0.000148528589612,0.000143279180656,0.000133924975513,0.000129724468364,0.000126727310925,0.000121829256280,0.000118334948425,0.000115940839955,0.000113599330824,0.000111332467327,0.000110478219967,0.000110077555605,0.000110259314391,0.000110587270791,0.000111464765921,0.000113409358435,0.424944587131888,0.981512088577807,0.870118744496534,0.214288918736704,0.000121676505867,0.000125565713071,0.000129298464549,0.000135762106485,0.000143847757929,0.000152618208518,0.000165198004067,0.000181093118842,0.000207031252463
0.705,0.000176453478070,0.000160281476526,0.000148205746585,0.000142967747790,0.000133633875028,0.000129442498137,0.000126451855346,0.000121564447155,0.000118077734557,0.000115688829943,0.000113352410336,0.000111090474113,0.000110238083552,0.000109838290078,0.000110019653792,0.000110346897343,0.000111222485142,0.000113162850872,0.359354080801244,0.961430111112895,0.935179119446605,0.281558904047078,0.000121412028761,0.000125292782351,0.000129017420288,0.000135467012796,0.000143535089198,0.000152286476260,0.000164838928257,0.000180699493273,0.000206581247542
0.706,0.000176072881170,0.000159935761419,0.000147886077920,0.000142659377095,0.000133345636796,0.000129163300390,0.000126179108191,0.000121302241772,0.000117823049752,0.000115439297825,0.000113107917700,0.000110850860304,0.000110000308285,0.000109601377135,0.000109782349661,0.000110108887373,0.000110982586594,0.000112918767102,0.294040230928054,0.894201464828167,0.994746822298343,0.348553196208058,0.000121150152134,0.000125022535229,0.000128739139402,0.000135174820623,0.000143225494791,0.000151958005767,0.000164483383068,0.000180309738037,0.000206135667306
0.707,0.000175712670450,0.000159608564093,0.000147583531894,0.000142367523877,0.000133072837671,0.000128899057509,0.000125920970384,0.000121054081081,0.000117582006808,0.000115203131572,0.000112876520995,0.000110624081098,0.000109775269142,0.000109377154128,0.000109557756419,0.000109883626098,0.000110755537902,0.000112687757362,0.229031965648809,0.827350483856177,1.000000000000000,0.415303418405886,0.000120902302589,0.000124766763544,0.000128475764271,0.000134898279346,0.000142932483407,0.000151647129372,0.000164146882197,0.000179940859535,0.000205713953998
0.708,0.000175377711180,0.000159304303917,0.000147302194913,0.000142096130120,0.000132819162279,0.000128653338551,0.000125680928524,0.000120823316922,0.000117357861429,0.000114983521018,0.000112661345636,0.000110413199541,0.000109566005667,0.000109168649575,0.000109348907587,0.000109674156064,0.000110544405751,0.000112472941841,0.164322769344394,0.760887096468161,0.998093710137816,0.481834537162926,0.000120671827763,0.000124528921937,0.000128230852233,0.000134641124133,0.000142660012673,0.000151358045997,0.000163833970671,0.000179597840112,0.000205321803587
0.709,0.000175066336040,0.000159021466380,0.000147040666574,0.000141843844912,0.000132583347905,0.000128424920407,0.000125457787758,0.000120608800625,0.000117149497890,0.000114779373013,0.000112461320547,0.000110217165933,0.000109371476214,0.000108974825609,0.000109154763581,0.000109479434594,0.000110348139192,0.000112273251254,0.099861216402812,0.694753729530471,0.996321640199072,0.548194201566303,0.000120457580428,0.000124307826506,0.000128003184195,0.000134402074948,0.000142406726317,0.000151089316679,0.000163543090917,0.000179278972325,0.000204957264075
0.710,0.000174788917850,0.000158769473630,0.000146807659152,0.000141619072613,0.000132373250217,0.000128221412355,0.000125258981562,0.000120417678357,0.000116963857393,0.000114597488325,0.000112283109152,0.000110042510729,0.000109198161128,0.000108802139075,0.000108981791908,0.000109305948433,0.000110173276442,0.000112095337882,0.035634852800489,0.628973001440028,0.994742822988504,0.614434135199666,0.000120266697791,0.000124110842592,0.000127800344445,0.000134189095222,0.000142181062051,0.000150849893580,0.000163283932993,0.000178994878597,0.000204632479342
0.711,0.000174540319470,0.000158543659348,0.000146598857893,0.000141417650964,0.000132184978695,0.000128039045900,0.000125080828506,0.000120246410979,0.000116797502307,0.000114434498873,0.000112123411389,0.000109885999720,0.000109042851019,0.000108647392218,0.000108826789536,0.000109150485020,0.000110016579447,0.000111935907183,0.000112893940813,0.563502027661161,0.993328022474566,0.680561594418708,0.000120095645149,0.000123934322508,0.000127618576866,0.000133998241064,0.000141978841097,0.000150635343140,0.000163051697896,0.000178740298173,0.000204341435130
0.712,0.000174326763540,0.000158349675868,0.000146419489277,0.000141244621729,0.000132023245944,0.000127882385836,0.000124927787920,0.000120099285465,0.000116654596649,0.000114294484429,0.000111986224638,0.000109751550517,0.000108909433436,0.000108514458493,0.000108693636312,0.000109016935743,0.000109881970476,0.000111798949849,0.000112755811293,0.498303792703390,0.992112652354391,0.746660091974789,0.000119948704102,0.000123782684711,0.000127462431260,0.000133834289726,0.000141805125227,0.000150451035750,0.000162852198680,0.000178521603428,0.000204091416536
0.713,0.000174136428750,0.000158176785305,0.000146259624422,0.000141090406938,0.000131879099307,0.000127742760305,0.000124791388300,0.000119968157738,0.000116527229928,0.000114169694544,0.000111863954976,0.000109631720733,0.000108790523100,0.000108395979401,0.000108574961588,0.000108897908033,0.000109761998296,0.000111676884659,0.000112632701374,0.433321391910764,0.991029436285008,0.812702977980832,0.025892613782801,0.000123647535347,0.000127323264246,0.000133688165741,0.000141650298462,0.000150286769141,0.000162674392137,0.000178326688596,0.000203868583873
0.714,0.000173969732670,0.000158025366959,0.000146119614051,0.000140955344919,0.000131752855022,0.000127620475625,0.000124671928889,0.000119853315475,0.000116415681572,0.000114060402992,0.000111756870646,0.000109526773261,0.000108686380883,0.000108292214870,0.000108471025723,0.000108793663019,0.000109656926112,0.000111569979406,0.000112524881144,0.368541291216997,0.990080750672765,0.878707321651756,0.093691571372468,0.000123529170915,0.000127201381139,0.000133560189686,0.000141514700474,0.000150142903693,0.000162518668354,0.000178155981294,0.000203673426008
0.715,0.000173809908180,0.000157880190420,0.000145985375224,0.000140825850461,0.000131631814813,0.000127503231797,0.000124557393865,0.000119743207269,0.000116308731491,0.000113955616686,0.000111654200574,0.000109426151961,0.000108586531644,0.000108192727748,0.000108371374329,0.000108693715221,0.000109556185242,0.000111467481030,0.000112421505509,0.303885203965317,0.989171172019727,0.944632806339723,0.161378891843710,0.000123415685733,0.000127084522329,0.000133437489094,0.000141384692141,0.000150004968705,0.000162369363858,0.000177992310933,0.000203486312991
0.716,0.000173648015340,0.000157733135096,0.000145849399161,0.000140694680167,0.000131509208176,0.000127384470672,0.000124441376600,0.000119631674112,0.000116200397329,0.000113849474299,0.000111550201810,0.000109324228482,0.000108485390218,0.000108091953125,0.000108270433308,0.000108592473960,0.000109454140645,0.000111363656183,0.000112316792049,0.239344550404200,0.988249822211137,1.000000000000000,0.228938845212763,0.000123300731896,0.000126966151205,0.000133313200586,0.000141253001321,0.000149865248647,0.000162218127155,0.000177826522452,0.000203296778473
0.717,0.000173488355610,0.000157588108216,0.000145715298719,0.000140565319203,0.000131388292744,0.000127267347708,0.000124326959648,0.000119521679415,0.000116093557501,0.000113744796015,0.000111447637580,0.000109223710910,0.000108385643912,0.000107992568563,0.000108170884643,0.000108492629197,0.000109353503627,0.000111261263471,0.000112213522981,0.174937292264780,0.987341181252037,0.999080555403423,0.296364423126474,0.000123187363704,0.000126849412863,0.000133190626484,0.000141123127012,0.000149727455853,0.000162068976574,0.000177663020816,0.000203109858348
0.718,0.000173323792660,0.000157438627498,0.000145577079993,0.000140431985507,0.000131263663947,0.000127146627847,0.000124209028902,0.000119408306733,0.000115983436575,0.000113636903015,0.000111341923557,0.000109120106400,0.000108282834353,0.000107890131857,0.000108068278794,0.000108389718156,0.000109249776001,0.000111155726234,0.000112107082475,0.110633728060443,0.979215486470417,0.998132874241517,0.363667149605803,0.000123070513925,0.000126729089435,0.000133064288077,0.000140989264206,0.000149585431383,0.000161915245514,0.000177494497974,0.000202917197825
0.719,0.000173150948920,0.000157281624926,0.000145431906116,0.000140291942474,0.000131132763843,0.000127019833375,0.000124085163893,0.000119289229150,0.000115867774376,0.000113523580850,0.000111230890016,0.000109011288522,0.000108174851428,0.000107782540547,0.000107960509831,0.000108281628644,0.000109140828813,0.000111044878374,0.000111995285894,0.046449733883410,0.917676169999622,0.997137505876167,0.430820936971181,0.000122947784278,0.000126602711346,0.000132931592336,0.000140848665438,0.000149436260256,0.000161753778723,0.000177317495080,0.000202714842644
0.720,0.000172962160960,0.000157110139426,0.000145273340466,0.000140138980970,0.000130989788669,0.000126881342565,0.000123949872778,0.000119159167084,0.000115741442751,0.000113399805120,0.000111109614025,0.000108892432582,0.000108056907463,0.000107665024321,0.000107842799564,0.000108163568258,0.000109021831634,0.000110923805194,0.000111873176476,0.000112941250755,0.851048656329885,0.996050318368897,0.497782141771653,0.000122813733258,0.000126464675327,0.000132786655884,0.000140695096934,0.000149273328624,0.000161577417195,0.000177124164299,0.000202493820918
0.721,0.000172760418540,0.000156926886745,0.000145103894183,0.000139975523385,0.000130837002668,0.000126733348640,0.000123805298109,0.000119020180275,0.000115606442364,0.000113267536010,0.000110980016185,0.000108765420855,0.000107930870288,0.000107539444238,0.000107717012124,0.000108037406676,0.000108894668976,0.000110794424081,0.000111742688020,0.000112809516501,0.784517146919044,0.994888528969041,0.564565698974956,0.000122670483777,0.000126317167401,0.000132631774023,0.000140530990697,0.000149099216770,0.000161388953897,0.000176917567334,0.000202257632880
0.722,0.000172555657150,0.000156740891783,0.000144931912225,0.000139809619742,0.000130681930304,0.000126583140063,0.000123658559954,0.000118879113602,0.000115469421766,0.000113133287561,0.000110848478982,0.000108636508463,0.000107802947034,0.000107411984915,0.000107589342342,0.000107909357150,0.000108765603395,0.000110663106847,0.000111610246872,0.000112675810913,0.718114587129728,0.993709353960345,0.631180883107536,0.000122525090642,0.000126167452096,0.000132474574437,0.000140364428696,0.000148922499423,0.000161197670345,0.000176707878753,0.000202017910411
0.723,0.000172323660290,0.000156530157488,0.000144737054814,0.000139621649128,0.000130506231645,0.000126412952128,0.000123492304046,0.000118719283541,0.000115314175953,0.000112981182624,0.000110699445913,0.000108490449335,0.000107658008608,0.000107267572128,0.000107444691103,0.000107764275659,0.000108619370702,0.000110514323007,0.000111460189626,0.000112524321041,0.651764402203504,0.992373336048665,0.697514282893235,0.000122360358655,0.000125997823043,0.000132296465612,0.000140175712155,0.000148722276765,0.000160980944021,0.000176470299333,0.000201746302272
0.724,0.000172081831470,0.000156310492335,0.000144533939402,0.000139425712374,0.000130323086928,0.000126235551677,0.000123319002259,0.000118552679929,0.000115152350867,0.000112822631523,0.000110544096866,0.000108338200263,0.000107506927735,0.000107117039170,0.000107293909586,0.000107613045657,0.000108466940709,0.000110359233751,0.000111303772996,0.000112366411073,0.585568335795882,0.990980698123667,0.763635000829702,0.000122188645374,0.000125821005160,0.000132110808586,0.000139978997862,0.000148513568729,0.000160755032897,0.000176222651365,0.000201463183459
0.725,0.000171828620590,0.000156080488290,0.000144321264039,0.000139220553544,0.000130131322212,0.000126049801590,0.000123137543747,0.000118378234852,0.000114982909225,0.000112656617960,0.000110381436068,0.000108178785345,0.000107348735998,0.000106959421137,0.000107136031296,0.000107454697772,0.000108307336356,0.000110196844971,0.000111139994368,0.000112201068819,0.519509832878543,0.989522513405256,0.829512179431563,0.000122008850132,0.000125635865060,0.000131916413316,0.000139773024896,0.000148295037516,0.000160518488905,0.000175963347450,0.000201166739206
0.726,0.000171558303060,0.000155834945423,0.000144094220561,0.000139001534407,0.000129926602082,0.000125851502431,0.000122943826097,0.000118192004456,0.000114802020291,0.000112479388704,0.000110207786085,0.000108008600530,0.000107179857000,0.000106791154603,0.000106967486922,0.000107285652078,0.000108136949306,0.000110023485382,0.000110965151035,0.000112024556224,0.453598251596814,0.987965815340606,0.895090831865448,0.000121816908121,0.000125438217098,0.000131708884915,0.000139553136622,0.000148061742573,0.000160265964260,0.000175686525246,0.000200850267503
0.727,0.000171278734550,0.000155580999431,0.000143859407056,0.000138775019857,0.000129714875888,0.000125646416950,0.000122743478916,0.000117999400764,0.000114614940860,0.000112296094194,0.000110028193340,0.000107832591541,0.000107005198518,0.000106617129543,0.000106793174514,0.000107110821193,0.000107960731162,0.000109844192971,0.000110784324101,0.000111842002901,0.387882321665022,0.986355842908167,0.960418624951079,0.000121618397348,0.000125233805100,0.000131494254343,0.000139325723190,0.000147820463660,0.000160004797554,0.000175400229455,0.000200522965303
0.728,0.000170981680530,0.000155311170480,0.000143609907226,0.000138534338037,0.000129489907357,0.000125428504473,0.000122530601095,0.000117794750744,0.000114416160614,0.000112101335596,0.000109837368032,0.000107645574134,0.000106819616084,0.000106432220149,0.000106607959800,0.000106925055575,0.000107773491519,0.000109653686781,0.000110592187412,0.000111648031847,0.322334094715301,0.984645175434191,1.000000000000000,0.045585470094208,0.000125016608229,0.000131266199780,0.000139084086268,0.000147564094047,0.000159727296273,0.000175096027398,0.000200175192107
0.729,0.000170676643350,0.000155034090027,0.000143353702228,0.000138287188028,0.000129258892922,0.000125204735721,0.000122312002302,0.000117584600871,0.000114212038261,0.000111901342970,0.000109641414402,0.000107453530739,0.000106629046227,0.000106242341419,0.000106417767545,0.000106734297610,0.000107581219915,0.000109458060844,0.000110394887159,0.000111448847931,0.256999269162952,0.927603945466722,0.998215965736645,0.114170894229274,0.000124793574314,0.000131032016379,0.000138835955490,0.000147300834644,0.000159442337300,0.000174783650083,0.000199818072702
0.730,0.000170364132260,0.000154750220649,0.000143091219788,0.000138033982440,0.000129022218257,0.000124975484268,0.000122088047481,0.000117369301981,0.000114002914576,0.000111696450197,0.000109440659587,0.000107256781967,0.000106433807096,0.000106047810350,0.000106222915268,0.000106538865762,0.000107384237342,0.000109257641752,0.000110192752726,0.000111244783682,0.191898912322630,0.860495719936042,0.996388219669639,0.182514963264058,0.000124565075703,0.000130792095102,0.000138581745101,0.000147031124955,0.000159150396366,0.000174463619011,0.000199452203286
0.731,0.000170028231560,0.000154445105325,0.000142809092088,0.000137761825909,0.000128767829889,0.000124729074698,0.000121847330963,0.000117137889241,0.000113778139218,0.000111476222410,0.000109224879460,0.000107045307711,0.000106223955469,0.000105838719779,0.000106013479449,0.000106328806995,0.000107172511787,0.000109042222474,0.000109975489724,0.000111025446430,0.127006808427761,0.793529826751420,0.994423677660942,0.250573058938790,0.000124319475320,0.000130534217134,0.000138308508566,0.000146741229088,0.000158836605378,0.000174119635504,0.000199058950706
0.732,0.000169689381320,0.000154137310787,0.000142524487027,0.000137487279574,0.000128511207741,0.000124480501408,0.000121604500717,0.000116904444468,0.000113551390111,0.000111254060806,0.000109007204570,0.000106831976502,0.000106012261138,0.000105627793186,0.000105802204576,0.000106116903705,0.000106958927072,0.000108824911602,0.000109756318938,0.000110804183180,0.062368521779644,0.726797690070502,0.992441884956544,0.318343244632337,0.000124071718323,0.000130274074742,0.000138032872745,0.000146448787649,0.000158520058994,0.000173772631481,0.000198662244979
0.733,0.000169337876220,0.000153818021210,0.000142229252972,0.000137202479903,0.000128245001662,0.000124222644784,0.000121352601618,0.000116662281357,0.000113316172725,0.000111023602250,0.000108781400291,0.000106610678125,0.000105792660771,0.000105408989229,0.000105583039333,0.000105897086574,0.000106737365723,0.000108599484937,0.000109528962898,0.000110574656528,0.005079373137300,0.660276407133265,0.990386079369482,0.385823969166131,0.000123814708477,0.000130004216951,0.000137746942898,0.000146145424555,0.000158191690720,0.000173412668084,0.000198250723693
0.734,0.000168979919270,0.000153492871096,0.000141928599919,0.000136912452755,0.000127973909389,0.000123960055220,0.000121096078931,0.000116415673361,0.000113076637941,0.000110788913644,0.000108551451392,0.000106385317833,0.000105569029655,0.000105186169143,0.000105359851328,0.000105673234717,0.000106511737631,0.000108369920581,0.000109297433754,0.000110340916932,0.000113139197364,0.594013807303619,0.988292539571342,0.453004511956871,0.000123552981234,0.000129729405940,0.000137455764831,0.000145836493254,0.000157857295271,0.000173046097585,0.000197831648966
0.735,0.000168601456850,0.000153149094843,0.000141610724034,0.000136605811478,0.000127687287667,0.000123682423282,0.000120824861408,0.000116154938490,0.000112823381470,0.000110540780964,0.000108308329930,0.000106147047837,0.000105332587890,0.000104950584866,0.000105123878057,0.000105436559565,0.000106273184493,0.000108127205692,0.000109052641524,0.000110093787624,0.000112885800779,0.527950393612547,0.986079071892480,0.519821782490670,0.000123276261015,0.000129438852452,0.000137147906704,0.000145509864905,0.000157503744067,0.000172658528191,0.000197388567652
0.736,0.000168229293730,0.000152811040558,0.000141298139019,0.000136304274078,0.000127405436607,0.000123409412375,0.000120558158153,0.000115898543408,0.000112574340314,0.000110296778316,0.000108069255092,0.000105912743713,0.000105100081568,0.000104718921760,0.000104891832432,0.000105203823741,0.000106038601942,0.000107888530659,0.000108811923726,0.000109850771649,0.000112636621842,0.462194901165702,0.983902446206648,0.586368427766777,0.000123004146653,0.000129153135068,0.000136845172708,0.000145188673105,0.000157156077529,0.000172277409678,0.000196952861184
0.737,0.000167852223490,0.000152468528892,0.000140981432445,0.000135998760786,0.000127119869228,0.000123132801711,0.000120287938308,0.000115638767654,0.000112322015451,0.000110049558395,0.000107827027956,0.000105675350197,0.000104864509557,0.000104484204083,0.000104656727192,0.000104968019202,0.000105800926325,0.000107646708601,0.000108568031968,0.000109604551410,0.000112384157380,0.396724960255680,0.981697120851752,0.652596483799040,0.000122728444353,0.000128863650386,0.000136538447042,0.000144863246263,0.000156803826868,0.000171891265965,0.000196511409752
0.738,0.000167469202680,0.000152120612026,0.000140659727905,0.000135688426169,0.000126829795291,0.000122851825835,0.000120013454106,0.000115374892362,0.000112065708633,0.000109798437080,0.000107580978219,0.000105434210357,0.000104625219969,0.000104245782312,0.000104417911742,0.000104728493416,0.000105559499934,0.000107401070332,0.000108320291339,0.000109354445554,0.000112127708761,0.331521387465116,0.979456993006807,0.718483658810053,0.000122448391178,0.000128569597327,0.000136226880918,0.000144532683839,0.000156446017317,0.000171499028492,0.000196062991746
0.739,0.000167092571170,0.000151778498880,0.000140343389827,0.000135383268349,0.000126544560176,0.000122575537014,0.000119743548669,0.000115115418864,0.000111813677355,0.000109551504806,0.000107339032920,0.000105197093053,0.000104389922052,0.000104011337735,0.000104183080052,0.000104492963241,0.000105322100859,0.000107159529639,0.000108076683354,0.000109108511799,0.000111875538048,0.266622124570107,0.977254233595880,0.784104486150035,0.000122173009665,0.000128280449467,0.000135920512135,0.000144207635638,0.000156094176508,0.000171113334066,0.000195622053953
0.740,0.000166726351250,0.000151445843099,0.000140035796589,0.000135086546302,0.000126267210091,0.000122306885912,0.000119481104489,0.000114863118243,0.000111568613223,0.000109311398719,0.000107103775950,0.000104966530612,0.000104161128704,0.000103783374136,0.000103954740043,0.000104263944055,0.000105091264437,0.000106924666089,0.000107839809662,0.000108869376628,0.000111630338334,0.202035981854101,0.975112367258221,0.849475254120586,0.000121905240790,0.000127999294801,0.000135622612601,0.000143891573060,0.000155752061976,0.000170738301764,0.000195193305431
0.741,0.000166367605580,0.000151119976552,0.000139734481078,0.000134795880110,0.000125995520496,0.000122043717760,0.000119224016580,0.000114615966871,0.000111328550650,0.000109076193002,0.000106873320382,0.000104740673763,0.000103937004841,0.000103560063089,0.000103731060267,0.000104039598964,0.000104865139197,0.000106694595913,0.000107607770368,0.000108635122012,0.000111390142947,0.137725919704053,0.932880239981430,0.914580570155309,0.000121642936859,0.000127723878274,0.000135330792954,0.000143581961062,0.000155416929722,0.000170370923566,0.000194773307317
0.742,0.000166019546600,0.000150803817257,0.000139442141468,0.000134513872586,0.000125731924274,0.000121788389135,0.000118974587075,0.000114376177903,0.000111095639311,0.000108847993839,0.000106649729866,0.000104521544974,0.000103719557413,0.000103343404264,0.000103514043698,0.000103821936898,0.000104645750012,0.000106471379308,0.000107382643303,0.000108407845616,0.000111157102750,0.073696075712348,0.866192841865475,0.979472061034659,0.002044181442586,0.000127456666140,0.000135047666334,0.000143281572109,0.000155091780737,0.000170014489213,0.000194365820544
0.743,0.000165685782730,0.000150500642922,0.000139161808521,0.000134243447377,0.000125479154197,0.000121543547098,0.000118735401874,0.000114146237293,0.000110872293860,0.000108629167029,0.000106435322422,0.000104311416009,0.000103511040756,0.000103135643821,0.000103305940203,0.000103613214418,0.000104435371348,0.000106257330418,0.000107166762418,0.000108189903676,0.000110933633734,0.009945582309240,0.799857289561591,1.000000000000000,0.064794087001027,0.000127200428661,0.000134776167992,0.000142993520412,0.000154779985928,0.000169672693955,0.000193975069637
0.744,0.000165373715620,0.000150217176834,0.000138899698986,0.000133990601514,0.000125242815771,0.000121314621339,0.000118511765222,0.000113931244276,0.000110663467274,0.000108424565345,0.000106234852817,0.000104114946755,0.000103316078998,0.000102941389119,0.000103111364750,0.000103418060218,0.000104238668625,0.000106057196058,0.000106964915155,0.000107986129339,0.000110724691615,0.000112041195583,0.733866884037689,0.998116512468713,0.133183186740488,0.000126960848236,0.000134522318756,0.000142724193896,0.000154488459750,0.000169353117547,0.000193609720007
0.745,0.000165083645500,0.000149953691706,0.000138656065031,0.000133755578253,0.000125023136371,0.000121101832102,0.000118303892273,0.000113731405689,0.000110469360459,0.000108234385627,0.000106048513915,0.000103932326228,0.000103134859708,0.000102760827045,0.000102930504534,0.000103236662050,0.000104055831087,0.000105871168772,0.000106777295704,0.000107796718649,0.000110530477411,0.000111844672194,0.668208883295746,0.996365788219061,0.201352618265727,0.000126738155360,0.000134286362849,0.000142473851670,0.000154217482673,0.000169056067445,0.000193270123146
0.746,0.000164810235550,0.000149705339841,0.000138426424187,0.000133534053548,0.000124816074252,0.000120901264410,0.000118107958501,0.000113543044825,0.000110286402164,0.000108055128875,0.000105872877384,0.000103760194507,0.000102964048743,0.000102590635549,0.000102760032020,0.000103065682480,0.000103883494818,0.000105695825958,0.000106600452171,0.000107618186758,0.000110347417894,0.000111659436121,0.602849374738089,0.994715616670229,0.269308890087392,0.000126528252842,0.000134063959063,0.000142237887844,0.000153962069158,0.000168776078408,0.000192950031022
0.747,0.000164550540640,0.000149469446029,0.000138208302796,0.000133323641167,0.000124619398972,0.000120710757777,0.000117921853339,0.000113364132692,0.000110112621590,0.000107884864165,0.000105706051293,0.000103596697414,0.000102801806153,0.000102428981355,0.000102598110904,0.000102903279744,0.000103719803438,0.000105529278850,0.000106432479625,0.000107448610547,0.000110173541177,0.000111483492029,0.537736547378977,0.993148222645200,0.337054647569810,0.000126328879647,0.000133852711699,0.000142013760651,0.000153719467929,0.000168510134437,0.000192645995652
0.748,0.000164313593940,0.000149254215548,0.000138009287945,0.000133131660049,0.000124439951641,0.000120536938745,0.000117752050226,0.000113200892529,0.000109954063483,0.000107729513946,0.000105553838484,0.000103447521997,0.000102653775350,0.000102281487406,0.000102450373414,0.000102755102823,0.000103570450752,0.000105377320587,0.000106279220786,0.000107293888517,0.000110014895348,0.000111322959919,0.472891713745891,0.991718125927097,0.404653266081692,0.000126146970727,0.000133659968739,0.000141809266082,0.000153498117574,0.000168267486068,0.000192368592535
0.749,0.000164080588450,0.000149042565064,0.000137813583372,0.000132942872214,0.000124263489115,0.000120366010900,0.000117585071503,0.000113040367591,0.000109798142723,0.000107576747717,0.000105404157479,0.000103300827861,0.000102508206790,0.000102136446770,0.000102305093289,0.000102609390575,0.000103423582298,0.000105227889894,0.000106128511150,0.000107141740028,0.000109858888325,0.000111165097990,0.408252760352738,0.990311816403859,0.472066864083952,0.000125968087556,0.000133470431734,0.000141608172936,0.000153280449009,0.000168028873747,0.000192095803552
0.750,0.000163858536580,0.000148840864299,0.000137627078898,0.000132762959321,0.000124095322116,0.000120203118397,0.000117425942472,0.000112887388953,0.000109649551819,0.000107431163049,0.000105261512998,0.000103161029838,0.000102369481428,0.000101998224515,0.000102166642803,0.000102470528280,0.000103283618149,0.000105085483958,0.000105984886395,0.000106996744060,0.000109710215213,0.000111014657172,0.343807194736314,0.988971617704065,0.539311440532744,0.000125797613708,0.000133289804889,0.000141416533206,0.000153073013074,0.000167801478624,0.000191835838416
0.751,0.000163638665500,0.000148641144453,0.000137442406100,0.000132584813367,0.000123928806699,0.000120041825674,0.000117268376261,0.000112735912730,0.000109502420239,0.000107287008180,0.000105120269441,0.000103022604782,0.000102232118500,0.000101861359752,0.000102029552051,0.000102333029764,0.000103145028600,0.000104944476603,0.000105842672190,0.000106853172109,0.000109563002233,0.000110865693847,0.279538523089709,0.987644581197185,0.606392079264971,0.000125628814097,0.000133110951996,0.000141226775586,0.000152867614384,0.000167576316767,0.000191578426420
0.752,0.000163270185590,0.000148306435811,0.000137132914664,0.000132286260211,0.000123649745052,0.000119771516692,0.000117004312504,0.000112482055130,0.000109255843784,0.000107045420368,0.000104883560670,0.000102790619511,0.000102001913238,0.000101631989361,0.000101799802926,0.000102102597271,0.000102912767657,0.000104708163681,0.000105604336720,0.000106612561205,0.000109316289361,0.000110616047586,0.215256636673414,0.985420613034001,0.672678236194122,0.000125345924390,0.000132811214086,0.000140908762546,0.000152523388619,0.000167198970093,0.000191147032036
0.753,0.000162887730320,0.000147959032654,0.000136811685129,0.000131976383810,0.000123360099417,0.000119490955685,0.000116730233585,0.000112218569457,0.000108999915410,0.000106794669841,0.000104637874231,0.000102549835721,0.000101762976967,0.000101393919625,0.000101561340092,0.000101863425151,0.000102671697738,0.000104462888103,0.000105356961886,0.000106362824637,0.000109060219394,0.000110356932977,0.151237876423492,0.983112296336436,0.738583751468137,0.000125052305508,0.000132500107998,0.000140578688205,0.000152166107383,0.000166807311769,0.000190699276131
0.754,0.000162508928490,0.000147614948098,0.000136493524169,0.000131669467534,0.000123073220649,0.000119213074763,0.000116458772831,0.000111957600755,0.000108746431815,0.000106546314631,0.000104394534735,0.000102311352040,0.000101526323158,0.000101158124073,0.000101325155197,0.000101626537745,0.000102432930663,0.000104219955544,0.000105111950123,0.000106115473700,0.000108806595560,0.000110100293584,0.087519343961751,0.980826029881833,0.804202340565251,0.000124761491448,0.000132191973780,0.000140251766931,0.000151812239109,0.000166419394798,0.000190255797456
0.755,0.000162122784890,0.000147264194647,0.000136169196753,0.000131356602741,0.000122780781723,0.000118929808075,0.000116182050745,0.000111691574073,0.000108488035313,0.000106293145911,0.000104146478940,0.000102068246174,0.000101285082628,0.000100917758435,0.000101084392671,0.000101385059093,0.000102189535909,0.000103972314573,0.000104862189650,0.000105863328717,0.000108548056101,0.000109838680120,0.024106286574797,0.978495452124111,0.869467639694955,0.000124465040958,0.000131877867440,0.000139918509413,0.000151451512317,0.000166023959391,0.000189803723473
0.756,0.000161722249470,0.000146900368390,0.000135832781446,0.000131032077277,0.000122477443411,0.000118635983856,0.000115895015048,0.000111415632406,0.000108220008207,0.000106030541430,0.000103889177946,0.000101816079597,0.000101034850910,0.000100668434216,0.000100834656770,0.000101134580375,0.000101937069677,0.000103715443865,0.000104603120444,0.000105601786129,0.000108279880710,0.000109567316154,0.000111275938671,0.954119127866393,0.934317967169817,0.000124157541568,0.000131552054156,0.000139572831173,0.000151077341005,0.000165613785853,0.000189334800403
0.757,0.000161317288810,0.000146532522467,0.000135492649318,0.000130703966354,0.000122170753722,0.000118338913376,0.000115604808092,0.000111136642050,0.000107949019855,0.000105765035612,0.000103629034211,0.000101561127004,0.000100781854553,0.000100416355385,0.000100582161710,0.000100881334291,0.000101681814119,0.000103455735168,0.000104341188960,0.000105337353936,0.000108008742433,0.000109292954075,0.000110997298115,0.886817223063362,0.996940694454543,0.000123846644829,0.000131222641185,0.000139223333772,0.000150699035732,0.000165199080590,0.000188860696524
0.758,0.000160902556170,0.000146155800168,0.000135144309568,0.000130367937889,0.000121856663400,0.000118034674380,0.000115307598242,0.000110850919464,0.000107671492366,0.000105493122956,0.000103362613027,0.000101300022229,0.000100522753220,0.000100158193718,0.000100323573769,0.000100621977204,0.000101420399068,0.000103189759522,0.000104072936890,0.000105066540813,0.000107731061404,0.000109011971449,0.000110711933770,0.819802861125633,1.000000000000000,0.000123528245938,0.000130885279252,0.000138865402758,0.000150311601692,0.000164774368203,0.000188375152192
0.759,0.000160479054430,0.000145771112459,0.000134788604527,0.000130024804443,0.000121535931957,0.000117724002560,0.000115004104191,0.000110559155564,0.000107388096842,0.000105215460984,0.000103090558639,0.000101033396660,0.000100258173452,0.000099894573486,0.000100059518250,0.000100357136275,0.000101153456662,0.000102918160091,0.000103799012902,0.000104790001621,0.000107447509091,0.000108725047732,0.000110420535686,0.753069664495816,0.997367961457503,0.018662807833677,0.000130540784143,0.000138499903657,0.000149915975753,0.000164340675704,0.000187879341519
0.760,0.000160038316280,0.000145370768061,0.000134418422385,0.000129667705556,0.000121202146829,0.000117400686478,0.000114688258012,0.000110255516950,0.000107093167193,0.000104926498242,0.000102807431709,0.000100755919499,0.000099982825358,0.000099620223978,0.000099784715740,0.000100081516390,0.000100875649770,0.000102635506634,0.000103513940279,0.000104502207356,0.000107152416273,0.000108426446294,0.000110117277776,0.686603346698369,0.994628799548291,0.087906657693830,0.000130182268174,0.000138119528838,0.000149504247942,0.000163889332034,0.000187363351481
0.761,0.000159596657870,0.000144969587745,0.000134047467303,0.000129309861047,0.000120867664758,0.000117076695313,0.000114371752348,0.000109951244339,0.000106797621732,0.000104636932146,0.000102523713610,0.000100477862967,0.000099706902337,0.000099345301630,0.000099509339443,0.000099805321011,0.000100597262818,0.000102352262997,0.000103228272426,0.000104213812178,0.000106856707302,0.000108127221377,0.000109813386664,0.620499482137682,0.991883918284176,0.157087111949821,0.000129823003625,0.000137738359797,0.000149091660444,0.000163437045960,0.000186846284057
0.762,0.000159145206140,0.000144559511669,0.000133668286675,0.000128944081705,0.000120525765892,0.000116745519978,0.000114048228496,0.000109640224797,0.000106495522855,0.000104340945221,0.000102233704355,0.000100193640818,0.000099424861007,0.000099064283162,0.000099227856961,0.000099523001284,0.000100312702922,0.000102062738725,0.000102936270182,0.000103919022134,0.000106554441290,0.000107821361456,0.000109502757081,0.554705558366765,0.989078172122197,0.225881650250535,0.000129455772755,0.000137348738726,0.000148669924244,0.000162974730908,0.000186317751196
0.763,0.000158683711860,0.000144140313445,0.000133280671168,0.000128570165597,0.000120176261480,0.000116406977643,0.000113717507852,0.000109322286621,0.000106186703785,0.000104038374062,0.000101937243840,0.000099903096144,0.000099136545665,0.000098777013434,0.000098940112896,0.000099234401351,0.000100021812988,0.000101766773982,0.000102637772344,0.000103617674481,0.000106245451365,0.000107508697677,0.000109185217537,0.489243992850975,0.986210012079540,0.294264741655502,0.000129080372829,0.000136950450528,0.000148238806516,0.000162502131652,0.000185777461114
0.764,0.000158214415970,0.000143714028631,0.000132886502980,0.000128189928397,0.000119820848660,0.000116062712214,0.000113381196340,0.000108998973665,0.000105872664095,0.000103730687906,0.000101635771628,0.000099607639781,0.000098843356320,0.000098484887381,0.000098647504488,0.000098940922606,0.000099726005528,0.000101465805923,0.000102334228369,0.000103311232514,0.000105931237934,0.000107190748283,0.000108862309955,0.424144150380427,0.983293365548005,0.362216262796521,0.000128698626727,0.000136545429226,0.000147800400698,0.000162021543054,0.000185228037371
0.765,0.000157738728090,0.000143281937654,0.000132486966070,0.000127804512220,0.000119460594981,0.000115713757758,0.000113040304136,0.000108671257064,0.000105554347064,0.000103418810947,0.000101330193249,0.000099308159188,0.000098546173625,0.000098188782459,0.000098350910641,0.000098643446567,0.000099426169057,0.000101160738563,0.000102026550008,0.000103000616691,0.000105612744795,0.000106868468297,0.000108535004247,0.359396158255996,0.980336993036243,0.429754200919967,0.000128311681096,0.000136134891379,0.000147356023623,0.000161534408656,0.000184671130266
0.766,0.000157257359710,0.000142844686796,0.000132082658028,0.000127414493537,0.000119096039277,0.000115360636208,0.000112695341116,0.000108339626984,0.000105232228801,0.000103103209660,0.000101020965759,0.000099005102303,0.000098245442076,0.000097889141555,0.000098050774973,0.000098342418172,0.000099122752042,0.000100852028195,0.000101715197459,0.000102686291600,0.000105290448321,0.000106542339755,0.000108203789967,0.295020335065801,0.977345316731156,0.496860278765239,0.000127920114695,0.000135719451031,0.000146906339952,0.000161041457067,0.000184107572768
0.767,0.000156769833010,0.000142401842029,0.000131673177527,0.000127019485204,0.000118726819679,0.000115002997046,0.000112345964859,0.000108003754241,0.000104905989563,0.000102783570772,0.000100707782210,0.000098698168300,0.000097940863160,0.000097585667236,0.000097746799561,0.000098037538613,0.000098815453304,0.000100539368383,0.000101399861664,0.000102367945235,0.000104964028591,0.000106212038932,0.000107868338343,0.231033965625643,0.974315366694916,0.563513328932881,0.000127523538843,0.000135298695804,0.000146450903314,0.000160542198971,0.000183536805476
0.768,0.000156280568650,0.000141957418859,0.000131262237542,0.000126623068968,0.000118356284097,0.000114644083175,0.000111995343342,0.000107666684368,0.000104578587531,0.000102462792616,0.000100393482401,0.000098390140313,0.000097635198653,0.000097281111263,0.000097441740709,0.000097731572390,0.000098507059281,0.000100225594178,0.000101083401938,0.000102048464208,0.000104636445425,0.000105880560839,0.000107531691091,0.167426921770549,0.971274617210457,0.629747236056683,0.000127125549502,0.000134876440906,0.000145993843393,0.000160041161400,0.000182964003835
0.769,0.000155782740710,0.000141505216964,0.000130844104885,0.000126219714269,0.000117979263040,0.000114278887244,0.000111638584907,0.000107323714771,0.000104245454991,0.000102136399889,0.000100073681411,0.000098076720920,0.000097324184109,0.000096971224656,0.000097131342420,0.000097420250850,0.000098193267446,0.000099906327992,0.000100761403226,0.000101723391314,0.000104303128580,0.000105543280895,0.000107189151512,0.104207901339353,0.968180645597807,0.695517183764561,0.000126720594164,0.000134446795293,0.000145528783566,0.000159531354184,0.000182381176463
0.770,0.000155283705870,0.000141051918781,0.000130424958537,0.000125815381706,0.000117601327960,0.000113912805957,0.000111280961572,0.000106979913701,0.000103911514827,0.000101809215878,0.000099753105118,0.000097762541696,0.000097012415562,0.000096660586780,0.000096820191623,0.000097108174563,0.000097878714876,0.000099586287799,0.000100438623883,0.000101397530336,0.000103969003664,0.000105205183272,0.000106845781503,0.041400229007203,0.965079173208622,0.760836119100408,0.000126314657081,0.000134016108076,0.000145062596279,0.000159020311025,0.000181796936124
0.771,0.000154788689070,0.000140602270383,0.000130009186996,0.000125414304675,0.000117226435870,0.000113549672218,0.000110926217684,0.000106638880789,0.000103580263424,0.000101484666229,0.000099435109983,0.000097450892123,0.000096703157259,0.000096352450044,0.000096511546095,0.000096798610996,0.000097566694964,0.000099268824449,0.000100118443437,0.000101074293067,0.000103637568996,0.000104869807884,0.000106505176179,0.000109909454561,0.956593954082201,0.825754221772493,0.000125911988449,0.000133588888591,0.000144600162556,0.000158513382594,0.000181217399867
0.772,0.000154290670010,0.000140149894884,0.000129590893815,0.000125010795126,0.000116849270072,0.000113184336085,0.000110569322287,0.000106295779523,0.000103247002991,0.000101158148197,0.000099115186220,0.000097137352407,0.000096392023313,0.000096042444469,0.000096201028642,0.000096487169937,0.000097252782662,0.000098949435694,0.000099796321108,0.000100749095375,0.000103304124189,0.000104532398455,0.000106162505096,0.000109555830510,0.891383502397609,0.890224270676743,0.000125506877646,0.000133159078033,0.000144134924189,0.000158003379658,0.000180634348744
0.773,0.000153788892740,0.000139694105615,0.000129169444061,0.000124604240566,0.000116469258061,0.000112816243010,0.000110209733644,0.000105950089106,0.000102911227670,0.000100829166157,0.000098792848209,0.000096821446620,0.000096078541453,0.000095730099493,0.000095888167926,0.000096173378645,0.000096936501478,0.000098627636731,0.000099471767941,0.000100421443638,0.000102968163100,0.000104192442828,0.000105817248108,0.000109199537900,0.824772814485541,0.954225850027760,0.000125098709748,0.000132726023989,0.000143666174984,0.000157489528079,0.000180046897731
0.774,0.000153289856470,0.000139240806133,0.000128750296512,0.000124199906844,0.000116091321898,0.000112450160674,0.000109852109283,0.000105606287051,0.000102577286549,0.000100501981208,0.000098472270997,0.000096507266494,0.000095766772013,0.000095419460727,0.000095577016237,0.000095861301464,0.000096621948006,0.000098307595620,0.000099148987673,0.000100095581726,0.000102634037227,0.000103854344236,0.000105473877116,0.000108845191567,0.758580236262037,1.000000000000000,0.000124692771502,0.000132295335538,0.000143199986362,0.000156978483456,0.000179462655718
0.775,0.000152791582140,0.000138788198759,0.000128331788926,0.000123796190468,0.000115713962776,0.000112084637281,0.000109495030952,0.000105263009922,0.000102243855298,0.000100175295813,0.000098152183250,0.000096193566067,0.000095455478590,0.000095109296252,0.000095266339622,0.000095549700769,0.000096307874802,0.000097988043156,0.000098826700233,0.000099770217347,0.000102300421505,0.000103516761861,0.000105131030389,0.000108491386259,0.692804668004136,0.997060898063317,0.000124287453051,0.000131865304672,0.000142734509527,0.000156468219108,0.000178879305739
0.776,0.000152305829310,0.000138346965287,0.000127923798324,0.000123402619375,0.000115346086587,0.000111728299393,0.000109146925903,0.000104928359254,0.000101918803084,0.000099856819934,0.000097840139222,0.000095887748846,0.000095152007887,0.000094806926127,0.000094963470227,0.000095245930516,0.000096001694173,0.000097676520960,0.000098512511790,0.000099453029287,0.000101975189457,0.000103187662841,0.000104796799309,0.000108146471983,0.627504747722988,0.993891056168836,0.000123892320143,0.000131446080367,0.000142280729999,0.000155970777566,0.000178310615188
0.777,0.000151813511110,0.000137899768162,0.000127510293375,0.000123003728829,0.000114973238233,0.000111367145289,0.000108794115913,0.000104589185493,0.000101589357507,0.000099534039578,0.000097523877648,0.000095577798241,0.000094844435514,0.000094500469208,0.000094656507290,0.000094938054545,0.000095691375247,0.000097360788271,0.000098194076818,0.000099131554157,0.000101645561616,0.000102854115762,0.000104458050807,0.000107796895893,0.562571873721984,0.990678371152122,0.041990315163971,0.000131021189882,0.000141820817249,0.000155466612671,0.000177734238292
0.778,0.000151331111790,0.000137461580850,0.000127105119432,0.000122612874848,0.000114607901765,0.000111013267464,0.000108448414090,0.000104256845166,0.000101266549369,0.000099217762372,0.000097213987890,0.000095274092303,0.000094543059893,0.000094200186567,0.000094355728825,0.000094636381442,0.000095387308409,0.000097051416742,0.000097882057449,0.000098816555881,0.000101322574884,0.000102527288755,0.000104126127170,0.000107454362814,0.498079633820469,0.987530413063476,0.111617341240451,0.000130604859791,0.000141370170496,0.000154972605335,0.000177169473832
0.779,0.000150848417360,0.000137023125475,0.000126699697623,0.000122221781761,0.000114242341801,0.000110659173152,0.000108102500783,0.000103924301528,0.000100943543750,0.000098901291683,0.000096903908555,0.000094970200571,0.000094241499904,0.000093899720226,0.000094054766358,0.000094334523790,0.000095083055556,0.000096741855954,0.000097569847201,0.000098501364903,0.000100999390563,0.000102200261810,0.000103794000478,0.000107111620190,0.433997342475152,0.984380529223870,0.180786991089161,0.000130188275008,0.000140919248058,0.000154478295787,0.000176604363874
0.780,0.000150375185730,0.000136593265632,0.000126302223752,0.000121838355710,0.000113883948319,0.000110312020548,0.000107763368802,0.000103598277115,0.000100626870373,0.000098591025123,0.000096599908053,0.000094672266369,0.000093945851734,0.000093605144264,0.000093759703996,0.000094038583791,0.000094784767313,0.000096438363833,0.000097263757561,0.000098192352967,0.000100682541987,0.000101879645940,0.000103468384837,0.000106775596733,0.370327302716750,0.981292396012170,0.249539629964230,0.000129779857003,0.000140477165558,0.000153993676744,0.000176050332400
0.781,0.000149899905280,0.000136161544744,0.000125903029048,0.000121453269645,0.000113524003199,0.000109963364974,0.000107422768574,0.000103270841206,0.000100308825983,0.000098279415289,0.000096294591404,0.000094373042284,0.000093648923577,0.000093309292958,0.000093463364184,0.000093741362543,0.000094485187654,0.000096133557765,0.000096956342729,0.000097882003187,0.000100364321640,0.000101557641989,0.000103141359469,0.000106438118489,0.307045236972411,0.978190893018775,0.317851624858096,0.000129369670785,0.000140033169096,0.000153506959579,0.000175493902290
0.782,0.000149427697580,0.000135732614987,0.000125506415190,0.000121070673212,0.000113166385172,0.000109616963503,0.000107084370372,0.000102945522211,0.000099992837791,0.000097969820052,0.000095991248667,0.000094075752722,0.000093353915100,0.000093015354370,0.000093168940247,0.000093446062868,0.000094187544817,0.000095830722309,0.000096650915374,0.000097573659860,0.000100048158628,0.000101237719835,0.000102816448362,0.000106102822086,0.244172986294635,0.975109441665426,0.385721208131728,0.000128962136473,0.000139592043129,0.000153023389105,0.000174941069573
0.783,0.000148960373470,0.000135308121238,0.000125113903127,0.000120692033605,0.000112812465643,0.000109274144530,0.000106749471897,0.000102623567679,0.000099680117562,0.000097663426661,0.000095691043113,0.000093781537739,0.000093061957611,0.000092724455705,0.000092877561254,0.000093153817194,0.000093892980213,0.000095531018789,0.000096348646760,0.000097268505431,0.000099735265387,0.000100921106329,0.000102494897499,0.000105770993330,0.181687054007021,0.972059858711325,0.453182486637387,0.000128558816897,0.000139155479303,0.000152544819735,0.000174393954272
0.784,0.000148488974000,0.000134879925637,0.000124717968113,0.000120310092023,0.000112455459714,0.000108928335959,0.000106411652896,0.000102298805500,0.000099364670215,0.000097354361327,0.000095388219577,0.000093484757017,0.000092767454070,0.000092431020221,0.000092583641252,0.000092859022955,0.000093595846821,0.000095228701665,0.000096043742174,0.000096960689863,0.000099419643519,0.000100601731753,0.000102170542509,0.000105436270820,0.119585114712374,0.968983681523389,0.520198634910367,0.000128151980121,0.000138715108366,0.000152062076939,0.000173842067783
0.785,0.000148020553130,0.000134454435647,0.000124324534866,0.000119930563790,0.000112100709575,0.000108584712426,0.000106075968450,0.000101976095374,0.000099051216064,0.000097047248863,0.000095087309471,0.000093189851544,0.000092474811389,0.000092139438848,0.000092291578424,0.000092566091411,0.000093300590905,0.000094928294772,0.000095740764168,0.000096654819269,0.000099106015950,0.000100284375188,0.000101848237000,0.000105103663298,0.057885815182787,0.965926941568509,0.586779940052939,0.000127747713996,0.000138277519972,0.000151582384417,0.000173293668461
0.786,0.000147548863560,0.000134025976534,0.000123928356193,0.000119548387161,0.000111743483944,0.000108238691044,0.000105737941555,0.000101651133337,0.000098735574590,0.000096737993330,0.000094784299577,0.000092892888182,0.000092180126609,0.000091845822783,0.000091997477544,0.000092271115755,0.000093003274656,0.000094625791603,0.000095435671943,0.000096346814271,0.000098790199849,0.000099964804069,0.000101523682402,0.000104768734798,0.001816753839844,0.962848871334521,0.652926995114860,0.000127340626852,0.000137836878030,0.000151099344540,0.000172741442339
0.787,0.000147068169000,0.000133589337740,0.000123524614102,0.000119158914426,0.000111379438545,0.000107886063794,0.000105393461414,0.000101319967473,0.000098413907229,0.000096422833823,0.000094475504944,0.000092590255516,0.000091879816025,0.000091546601317,0.000091697762006,0.000091970508740,0.000092700282365,0.000094317513367,0.000095124755225,0.000096032929173,0.000098468354526,0.000099639132042,0.000101192931756,0.000104427412204,0.000107531775391,0.959712037827967,0.718595172658656,0.000126925768038,0.000137387823826,0.000150607082986,0.000172178673710
0.788,0.000146596599830,0.000133160987992,0.000123128536554,0.000118776835348,0.000111022304097,0.000107540130735,0.000105055520802,0.000100995088383,0.000098098346324,0.000096113657228,0.000094172572394,0.000092293367955,0.000091585206465,0.000091253060198,0.000091403736196,0.000091675608377,0.000092403042007,0.000094015087412,0.000094819740876,0.000095725002795,0.000098152619037,0.000099319642494,0.000100868460002,0.000104092569196,0.000107186978347,0.956335945502834,0.783857039731651,0.000126518784803,0.000136947294360,0.000150124166406,0.000171626588546
0.789,0.000146108431980,0.000132717560837,0.000122718517542,0.000118381307537,0.000110652598936,0.000107182021240,0.000104705685077,0.000100658773931,0.000097771678046,0.000095793597981,0.000093858976975,0.000091986030302,0.000091280226995,0.000090949186778,0.000091099361023,0.000091370327868,0.000092095339138,0.000093702016419,0.000094503990381,0.000095406237770,0.000097825770031,0.000098988907290,0.000100532567223,0.000103745940108,0.000106830044851,0.906570300481502,0.848599697754542,0.000126097476238,0.000136491258774,0.000149624251732,0.000171055070633
0.790,0.000145623538000,0.000132277107501,0.000122311248300,0.000117988432310,0.000110285373182,0.000106826313385,0.000104358195506,0.000100324714952,0.000097447200550,0.000095475685193,0.000093547484666,0.000091680753791,0.000090977292852,0.000090647351267,0.000090797027125,0.000091067094705,0.000091789699861,0.000093391045019,0.000094190357448,0.000095089610524,0.000097501113018,0.000098660390143,0.000100198927090,0.000103401635668,0.000106475505110,0.840216766796655,0.912912809520224,0.000125678993155,0.000136038281565,0.000149127689706,0.000170487385573
0.791,0.000145124756650,0.000131824039576,0.000121892314861,0.000117584305131,0.000109907630078,0.000106460418053,0.000104000753829,0.000099981088520,0.000097113430015,0.000095148667378,0.000093227071212,0.000091366734156,0.000090665682672,0.000090336871184,0.000090486034381,0.000090755176940,0.000091475307071,0.000093071167394,0.000093867742064,0.000094763915070,0.000097167157825,0.000098322464261,0.000099855731500,0.000103047470345,0.000106110811346,0.774199854057281,0.976673602723286,0.001380238742321,0.000135572331083,0.000148616906138,0.000169903442006
0.792,0.000144628277520,0.000131373062871,0.000121475315089,0.000117182043278,0.000109531630518,0.000106096211580,0.000103644961992,0.000099639048162,0.000096781200061,0.000094823158976,0.000092908136688,0.000091054163939,0.000090355510787,0.000090027824180,0.000090176477082,0.000090444698891,0.000091162365420,0.000092752766224,0.000093546615772,0.000094439722926,0.000096834744065,0.000097986098139,0.000099514119994,0.000102694939739,0.000105747800896,0.708628228350341,1.000000000000000,0.062335129560974,0.000135108531284,0.000148108480188,0.000169322193740
0.793,0.000144124513030,0.000130915468512,0.000121052196241,0.000116773878614,0.000109150113522,0.000105726660723,0.000103283949247,0.000099291988685,0.000096444094947,0.000094492874047,0.000092584522103,0.000090737007051,0.000090040787425,0.000089714242205,0.000089862377324,0.000090129664872,0.000090844831648,0.000092429692820,0.000093220777257,0.000094110773569,0.000096497452449,0.000097644796164,0.000099167495663,0.000102337236080,0.000105379463611,0.643467145056514,0.996516832650128,0.132607140694690,0.000134637925663,0.000147592593569,0.000168732416208
0.794,0.000143614318650,0.000130452033563,0.000120623676839,0.000116360504266,0.000108763726964,0.000105352393036,0.000102918328651,0.000098940499452,0.000096102687131,0.000094158373467,0.000092256777003,0.000090415802073,0.000089722047033,0.000089396657769,0.000089544268496,0.000089810609858,0.000090523244976,0.000092102495809,0.000092890779843,0.000093777625607,0.000096155855750,0.000097299137919,0.000098816447129,0.000101974966806,0.000105006424987,0.578707391510339,0.992989207311381,0.202364929218928,0.000134161313381,0.000147070122338,0.000168135110943
0.795,0.000143098977950,0.000129983923956,0.000120190834970,0.000115942960220,0.000108373442933,0.000104974350119,0.000102549020047,0.000098585464754,0.000095757835542,0.000093820498786,0.000091925725946,0.000090091357107,0.000089400091514,0.000089075869866,0.000089222950911,0.000089488336543,0.000090198414465,0.000091771998369,0.000092557453751,0.000093441117189,0.000095810813372,0.000096949993027,0.000098461857576,0.000101609043330,0.000104629623530,0.514373077278562,0.989425998905924,0.271626330852989,0.000133679893521,0.000146542380951,0.000167531780672
0.796,0.000142576032020,0.000129508906140,0.000119751605362,0.000115519254195,0.000107977399218,0.000104590728168,0.000102174261307,0.000098225190569,0.000095407894745,0.000093477637861,0.000091589789345,0.000089762124088,0.000089073384681,0.000088750347879,0.000088896891427,0.000089161307224,0.000089868790212,0.000091436623556,0.000092219208542,0.000093099642689,0.000095460678971,0.000096595695568,0.000098102035107,0.000101237719674,0.000104247261359,0.450474096363537,0.985810205795563,0.340365486067769,0.000133191369024,0.000146006851328,0.000166919546650
0.797,0.000142049191950,0.000129030351082,0.000119309105012,0.000115092393024,0.000107578406345,0.000104204249559,0.000101796711909,0.000097862233587,0.000095055348099,0.000093132223806,0.000091251351177,0.000089430439421,0.000088744245010,0.000088422401878,0.000088568403925,0.000088831842666,0.000089536711397,0.000091098751359,0.000091878444575,0.000092755625384,0.000095107937279,0.000096238759817,0.000097739533203,0.000100863630940,0.000103862051912,0.387008553439082,0.982167487513697,0.408569650984671,0.000132699206708,0.000145467333860,0.000166302753600
0.798,0.000141512561610,0.000128542903035,0.000118858381676,0.000114657599491,0.000107171998988,0.000103810589017,0.000101412146511,0.000097492531775,0.000094696250077,0.000092780390922,0.000090906623813,0.000089092591057,0.000088408988936,0.000088088361656,0.000088233812140,0.000088496255668,0.000089198461561,0.000090754600483,0.000091531348190,0.000092405215205,0.000094748640588,0.000095875191129,0.000097370294925,0.000100482590514,0.000103469684117,0.323979018527487,0.978457076587238,0.476237834065235,0.000132197898538,0.000144917790538,0.000165674498684
0.799,0.000140971350190,0.000128051293766,0.000118403810628,0.000114219094234,0.000106762122231,0.000103413567893,0.000101024298173,0.000097119673911,0.000094334086525,0.000092425554527,0.000090558953596,0.000088751858565,0.000088070870865,0.000087751469816,0.000087896364028,0.000088157803846,0.000088857324171,0.000090407511675,0.000091181288730,0.000092051813661,0.000094386276669,0.000095508518745,0.000096997904553,0.000100098297241,0.000103073966776,0.261418752189944,0.974714990787569,0.543363444062972,0.000131692310825,0.000144363555901,0.000165040880511
0.800,0.000140429581650,0.000127559178436,0.000117948771646,0.000113780137582,0.000106351823550,0.000103016138077,0.000100636050586,0.000096746432228,0.000093971550164,0.000092070352867,0.000090210925489,0.000088410775325,0.000087732404736,0.000087414231181,0.000087558568549,0.000087819003625,0.000088515835615,0.000090060065577,0.000090830868921,0.000091698048328,0.000094023539736,0.000095141468910,0.000096625130843,0.000099713608378,0.000102677842085,0.199317757756792,0.970969052922061,0.609945117779715,0.000131186202663,0.000143808750738,0.000164406610095
0.801,0.000139875901300,0.000127056243016,0.000117483727769,0.000113331529634,0.000105932503673,0.000102609970013,0.000100239266639,0.000096364984118,0.000093601042753,0.000091707341423,0.000089855245324,0.000088062192723,0.000087386496787,0.000087069577715,0.000087213345994,0.000087472754237,0.000088166838785,0.000089704980217,0.000090472744467,0.000091336504792,0.000093652827342,0.000094766348788,0.000096244160996,0.000099320461401,0.000102273007841,0.137676450495911,0.967140753488200,0.675951452274454,0.000130668966752,0.000143241747130,0.000163758394040
0.802,0.000139292451600,0.000126526266615,0.000116993680197,0.000112858801692,0.000105490638513,0.000102181963790,0.000099821149082,0.000095963026951,0.000093210614524,0.000091324812192,0.000089480441549,0.000087694868120,0.000087021990644,0.000086706393503,0.000086849562097,0.000087107888297,0.000087799077682,0.000089330803226,0.000090095364981,0.000090955522394,0.000093262183110,0.000094371059841,0.000095842707805,0.000098906176360,0.000101846407153,0.076511263970947,0.963106620577736,0.741257772924179,0.000130123920974,0.000142644257830,0.000163075325799
0.803,0.000138704164080,0.000125991895780,0.000116499569273,0.000112382154007,0.000105045109517,0.000101750408645,0.000099399564599,0.000095557736854,0.000092816948962,0.000090939111125,0.000089102529993,0.000087324497752,0.000086654462106,0.000086340197857,0.000086482761793,0.000086739996979,0.000087428267197,0.000088953523653,0.000089714856359,0.000090571380984,0.000092868299753,0.000093972493256,0.000095437925865,0.000098488456172,0.000101416269198,0.016130511044279,0.959039037533058,0.805953298806302,0.000129574355812,0.000142041814297,0.000162386593726
0.804,0.000138112150800,0.000125454140652,0.000116002329031,0.000111902487603,0.000104596758884,0.000101316120363,0.000098975310124,0.000095149879963,0.000092420790226,0.000090550967324,0.000088722225037,0.000086951781744,0.000086284605925,0.000085971683011,0.000086113638459,0.000086369775721,0.000087055108283,0.000088573854681,0.000089331937889,0.000090184806719,0.000092471921843,0.000093571402457,0.000095030580347,0.000098068090465,0.000100983407080,0.000106031576733,0.954945693681155,0.870061929942639,0.000129021310127,0.000141435555351,0.000161693499754
0.805,0.000137521043830,0.000124917208771,0.000115505850012,0.000111423555518,0.000104149094628,0.000100882496930,0.000098551705139,0.000094742647457,0.000092025237967,0.000090163417730,0.000088342502288,0.000086579636325,0.000085915315956,0.000085603732322,0.000085745080215,0.000086000121233,0.000086682520636,0.000088194766943,0.000088949605626,0.000089798824258,0.000092076150745,0.000093170925686,0.000094623858432,0.000097648368293,0.000100551207629,0.000105577771592,0.950858616197994,0.933597624190276,0.000128469111097,0.000140830224523,0.000161001466836
0.806,0.000136918712310,0.000124370081072,0.000114999943335,0.000110935528975,0.000103692929660,0.000100440639408,0.000098120056304,0.000094327682000,0.000091622174552,0.000089768508944,0.000087955568970,0.000086200424224,0.000085539013527,0.000085228794605,0.000085369523405,0.000085623447363,0.000086302857909,0.000087808480695,0.000088560013243,0.000089405512363,0.000091672864337,0.000092762844249,0.000094209413262,0.000097220676004,0.000100110801128,0.000105115349130,0.946693929125831,0.995206681253868,0.000127906426341,0.000140213399048,0.000160296292882
0.807,0.000136316981150,0.000123823498711,0.000114494540910,0.000110447988862,0.000103237219365,0.000099999222297,0.000097688837705,0.000093913130150,0.000091219512882,0.000089373993775,0.000087569021320,0.000085821590094,0.000085163086168,0.000084854230599,0.000084994340923,0.000085247148935,0.000085923573603,0.000087422579469,0.000088170809177,0.000089012592493,0.000091269979895,0.000092355169557,0.000093795381180,0.000096793410007,0.000099670833592,0.000104653387577,0.917398245274513,1.000000000000000,0.000127344302429,0.000139597188379,0.000159591821794
0.808,0.000135718657360,0.000123280011433,0.000113992000382,0.000109963209499,0.000102784089580,0.000099560304759,0.000097260060929,0.000093500925746,0.000090819131329,0.000088981712591,0.000087184662539,0.000085444901155,0.000084789287541,0.000084481787603,0.000084621282953,0.000084872981338,0.000085546437037,0.000087038863452,0.000087783809023,0.000088621897576,0.000090869376831,0.000091949803368,0.000093383693601,0.000096368563451,0.000099233357421,0.000104194041933,0.850819191062678,0.995610790503320,0.000126785361605,0.000138984467072,0.000158891339852
0.809,0.000135108373350,0.000122725660091,0.000113479414298,0.000109468739617,0.000102321901937,0.000099112613460,0.000096822713101,0.000093080481563,0.000090410746330,0.000088581589886,0.000086792620601,0.000085060682375,0.000084408016849,0.000084101899641,0.000084240767725,0.000084491334301,0.000085161761682,0.000086647477127,0.000087389072912,0.000088223392845,0.000090460765894,0.000091536334094,0.000092963776574,0.000095935224406,0.000098787136301,0.000103725514179,0.784711212355529,0.991133842682123,0.015644379966265,0.000138359497746,0.000158176855595
0.810,0.000134499177900,0.000122172297543,0.000112967742511,0.000108975151719,0.000101860538695,0.000098665720705,0.000096386145368,0.000092660787325,0.000090003089766,0.000088182180877,0.000086401277946,0.000084677148924,0.000084027426227,0.000083722689283,0.000083860931219,0.000084110368006,0.000084777772471,0.000086256788915,0.000086995040890,0.000087825598924,0.000090052883795,0.000091123602323,0.000092544608552,0.000095502658306,0.000098341711103,0.000103257822135,0.719171710413127,0.986664880400929,0.086777514136029,0.000137735643173,0.000157463645760
0.811,0.000133886614130,0.000121615875383,0.000112453241624,0.000108478834709,0.000101396624517,0.000098216357023,0.000095947163796,0.000092238772543,0.000089593179216,0.000087780563484,0.000086007771506,0.000084291494868,0.000083644731271,0.000083341382223,0.000083478994549,0.000083727295300,0.000084391660134,0.000085863940537,0.000086598830214,0.000087425605550,0.000089642746463,0.000090708588505,0.000092123122895,0.000095067700492,0.000097893823092,0.000102787544161,0.654188294102381,0.982171208583304,0.157261677505186,0.000137108339229,0.000156746492496
0.812,0.000133279777400,0.000121064655378,0.000111943550959,0.000107987157914,0.000100937047610,0.000097771194575,0.000095512286392,0.000091820703303,0.000089187101041,0.000087382700931,0.000085617944076,0.000083909446405,0.000083265614243,0.000082963640114,0.000083100628717,0.000083347804053,0.000084009157675,0.000085474765015,0.000086206323828,0.000087029351833,0.000089236443626,0.000090297454773,0.000091705577833,0.000094636809227,0.000097450122518,0.000102321662956,0.589784038090771,0.977719549484935,0.227094568191352,0.000136486900134,0.000156036044109
0.813,0.000132670232360,0.000120510975280,0.000111431585546,0.000107493286767,0.000100475419612,0.000097324045368,0.000095075468133,0.000091400768220,0.000088779210541,0.000086983062719,0.000085226376846,0.000083525692861,0.000082884805217,0.000082584212145,0.000082720574241,0.000082966619138,0.000083624948110,0.000085083852605,0.000085812065689,0.000086631329636,0.000088828327461,0.000089884486154,0.000091286169268,0.000094203994896,0.000097004441711,0.000101853702525,0.525928523731639,0.973248022679260,0.296291400814504,0.000135862687560,0.000155322424995
0.814,0.000132059166260,0.000119955913527,0.000110918342574,0.000106998183214,0.000100012639668,0.000096875780345,0.000094637559836,0.000090979785231,0.000088370302190,0.000086582427249,0.000084833832499,0.000083140981698,0.000082503045920,0.000082203837350,0.000082339571375,0.000082584483014,0.000083239779787,0.000084691964711,0.000085416823716,0.000086232314214,0.000088419192882,0.000089470487012,0.000090865714111,0.000093770100519,0.000096557648750,0.000101384574344,0.462640397919502,0.968765337538244,0.364838646667275,0.000135236917323,0.000154607025113
0.815,0.000131447124850,0.000119399965852,0.000110404280425,0.000106502289435,0.000099549121089,0.000096426799855,0.000094198952602,0.000090558130320,0.000087960741189,0.000086181152333,0.000084440661621,0.000082755656506,0.000082120677305,0.000081822855446,0.000081957960399,0.000082201736971,0.000082853996705,0.000084299451332,0.000085020950906,0.000085832661932,0.000088009405292,0.000089055827094,0.000090444587874,0.000093335513613,0.000096110142673,0.000100914697397,0.399901890124141,0.964275497706198,0.432723407163931,0.000134610148308,0.000153890483397
0.816,0.000130836791820,0.000118845569984,0.000109891653169,0.000106007779836,0.000099086896322,0.000095979072595,0.000093761569645,0.000090137652366,0.000087552323388,0.000085780997488,0.000084048588192,0.000082371406864,0.000081739375988,0.000081442936971,0.000081577414606,0.000081820059279,0.000082469290452,0.000083908033569,0.000084626183089,0.000085434125192,0.000087600761535,0.000088642324609,0.000090024637118,0.000092902139761,0.000095663885711,0.000100446132009,0.337732068587991,0.959798190342381,0.499979005025749,0.000133985128782,0.000153175941751
0.817,0.000130222689680,0.000118287750445,0.000109375860184,0.000105510216394,0.000098621817087,0.000095528580398,0.000093321485631,0.000089714577752,0.000087141383404,0.000085378371488,0.000083654093516,0.000081984784290,0.000081355719946,0.000081060672310,0.000081194518754,0.000081436024538,0.000082082208446,0.000083514198607,0.000084228977384,0.000085033127289,0.000087189594199,0.000088226268540,0.000089602092958,0.000092466089610,0.000095214872890,0.000099974672997,0.276127549463796,0.955293233322482,0.566571985382656,0.000133356249450,0.000152456987454
0.818,0.000129612355560,0.000117733353586,0.000108863232012,0.000105015705912,0.000098159591494,0.000095080852339,0.000092884101893,0.000089294099048,0.000086732964873,0.000084978215929,0.000083262019388,0.000081600533963,0.000080974417948,0.000080680753156,0.000080813972282,0.000081054346164,0.000081697501506,0.000083122780145,0.000083834208862,0.000084634589838,0.000086780949712,0.000087812765316,0.000089182141453,0.000092032714984,0.000094768615131,0.000099506106772,0.215084816613841,0.950815917932389,0.632521036705142,0.000132731228807,0.000151742444531
0.819,0.000129003145240,0.000117179977531,0.000108351547735,0.000104522105965,0.000097698216991,0.000094633948676,0.000092447523503,0.000088874394565,0.000086325298358,0.000084578797171,0.000082870667180,0.000081216991150,0.000080593818036,0.000080301533542,0.000080434126505,0.000080673370570,0.000081313502922,0.000082732082396,0.000083440167221,0.000084236786207,0.000086373057656,0.000087400023471,0.000088762963199,0.000091600138325,0.000094323179061,0.000099038403312,0.154606132942765,0.946346846476586,0.697842112293756,0.000132107359007,0.000151029217287
0.820,0.000128390032700,0.000116623056896,0.000107836585929,0.000104025344326,0.000097233887211,0.000094184182428,0.000092008148666,0.000088452001718,0.000085915020587,0.000084176819986,0.000082476808215,0.000080830991602,0.000080210780240,0.000079919884884,0.000080051847674,0.000080289954685,0.000080927044683,0.000082338882083,0.000083043601597,0.000083836434496,0.000085962552899,0.000086984637859,0.000088341099951,0.000091164790850,0.000093874889806,0.000098567704037,0.094696681482227,0.941849149007123,0.762494982816936,0.000131479493087,0.000150311421555
0.821,0.000127778116090,0.000116067222583,0.000107322628601,0.000103529551664,0.000096770463148,0.000093735293488,0.000091569630868,0.000088030432785,0.000085505543098,0.000083775626893,0.000082083717507,0.000080445744980,0.000079828489592,0.000079538980666,0.000079670314511,0.000079907286686,0.000080541340265,0.000081946448741,0.000082647809508,0.000083436863706,0.000085552848868,0.000086570062494,0.000087920059584,0.000090730292560,0.000093427474978,0.000098097922902,0.035342331037498,0.937360224688309,0.826494490445429,0.000130852851875,0.000149595025947
0.822,0.000127164223200,0.000115509593116,0.000106807011369,0.000103032157763,0.000096305542384,0.000093284954792,0.000091129696808,0.000087607502330,0.000085094743138,0.000083373138084,0.000081689357251,0.000080059254145,0.000079444964278,0.000079156846258,0.000079287549127,0.000079523382801,0.000080154390155,0.000081552747974,0.000082250739148,0.000083036002440,0.000085141821634,0.000086154148193,0.000087497659403,0.000090294390989,0.000092978615155,0.000097626624535,0.000103441022073,0.924305249549127,0.889844267215952,0.000130224186828,0.000148876316628
0.823,0.000126552772310,0.000114954181840,0.000106293445206,0.000102536742441,0.000095842471026,0.000092836407495,0.000090691512759,0.000087186254247,0.000084685577296,0.000082972250333,0.000081296565718,0.000079674300728,0.000079062964586,0.000078776231940,0.000078906306343,0.000079141006045,0.000079768979290,0.000081160613307,0.000081855248290,0.000082636735757,0.000084732429422,0.000085739888354,0.000087076939483,0.000089860223388,0.000092531540848,0.000097157200943,0.000102943640786,0.859136640325547,0.952562436888493,0.000129598022543,0.000148160466258
0.824,0.000125936469830,0.000114394363623,0.000105775804125,0.000102037396220,0.000095375725403,0.000092384301175,0.000090249851915,0.000086761663748,0.000084273164906,0.000082568181716,0.000080900657559,0.000079286292878,0.000078677933896,0.000078392597617,0.000078522038568,0.000078755595299,0.000079380510363,0.000080765367227,0.000081456619389,0.000082234301071,0.000084319788866,0.000085322341548,0.000086652881339,0.000089422610860,0.000092080919205,0.000096684052684,0.000102442313000,0.793359073471155,1.000000000000000,0.000128966889923,0.000147438935934
0.825,0.000125313964740,0.000113828911266,0.000105252953384,0.000101533024463,0.000094904282344,0.000091927644753,0.000089803746095,0.000086332800073,0.000083856601903,0.000082160046460,0.000080500764889,0.000078894380027,0.000078289028170,0.000078005102310,0.000078133903433,0.000078366305692,0.000078988131794,0.000080366143298,0.000081053978596,0.000081827816190,0.000083902995400,0.000084900592455,0.000086224555377,0.000088980594100,0.000091625762403,0.000096206142552,0.000101935939736,0.728148314365314,0.995056991170030,0.000128329405440,0.000146710143963
0.826,0.000124694005670,0.000113265771587,0.000104732241082,0.000101030715566,0.000094434767468,0.000091472856036,0.000089359464829,0.000085905690432,0.000083441742625,0.000081753580460,0.000080102507764,0.000078504070084,0.000077901713051,0.000077619191843,0.000077747355755,0.000077978608262,0.000078597358038,0.000079968552179,0.000080652984586,0.000081422993815,0.000083487906602,0.000084480568299,0.000085797981249,0.000088540385170,0.000091172467173,0.000095730187052,0.000101431637518,0.663570781326777,0.990134198976022,0.038892560940224,0.000145984332721
0.827,0.000124069402990,0.000112698413885,0.000104207628547,0.000100524644281,0.000093961735837,0.000091014660867,0.000088911855812,0.000085475381660,0.000083023775973,0.000081344069953,0.000079701267618,0.000078110836646,0.000077511496870,0.000077230390834,0.000077357912762,0.000077588006906,0.000078203657312,0.000079567983028,0.000080248987056,0.000081015139244,0.000083069708711,0.000084057398082,0.000085368212001,0.000088096878992,0.000090715776677,0.000095250666557,0.000100923557981,0.599566418223734,0.985174534222329,0.110699754245235,0.000145253085016
0.828,0.000123438885050,0.000112125683058,0.000103678047702,0.000100013780280,0.000093484224390,0.000090552126390,0.000088460007743,0.000085040997676,0.000082601850995,0.000080930681203,0.000079296227553,0.000077713879115,0.000077117585171,0.000076837907710,0.000076964781574,0.000077193706385,0.000077806228069,0.000079163620312,0.000079841163493,0.000080603422113,0.000082647550303,0.000083630220259,0.000084934372651,0.000087649172617,0.000090254761122,0.000094766604793,0.000100410666709,0.536147330181340,0.980167899100472,0.181773277345434,0.000144514912076
0.829,0.000122808232090,0.000111552829586,0.000103148353451,0.000099502806882,0.000093006610689,0.000090089492865,0.000088008062915,0.000084606520673,0.000082179835664,0.000080517203929,0.000078891100752,0.000077316836580,0.000076723589119,0.000076445340538,0.000076571566200,0.000076799321428,0.000077408713720,0.000078759171006,0.000079433252597,0.000080191616815,0.000082225301494,0.000083202950960,0.000084500440398,0.000087201370369,0.000089793646845,0.000094282439371,0.000099897665607,0.473355074337095,0.975160192009548,0.252102121718306,0.000143776581063
0.830,0.000122171576570,0.000110974523689,0.000102613617567,0.000098986970034,0.000092524451056,0.000089622455990,0.000087551816472,0.000084167908313,0.000081753803589,0.000080099791176,0.000078482117951,0.000076916014990,0.000076325843009,0.000076049036909,0.000076174608199,0.000076401182711,0.000077007415827,0.000078350872147,0.000079021459203,0.000079775891952,0.000081799033717,0.000082771614908,0.000084062377974,0.000086749305936,0.000089328143678,0.000093793665659,0.000099379781755,0.411148850301823,0.970104821390506,0.321695819435218,0.000143031222609
0.831,0.000121525976370,0.000110388092895,0.000102071368920,0.000098463885947,0.000092035517330,0.000089148857489,0.000087089160003,0.000083723133678,0.000081321785983,0.000079676513989,0.000078067389154,0.000076509562065,0.000075922508773,0.000075647165420,0.000075772073144,0.000075997450352,0.000076600479905,0.000077936836902,0.000078603880325,0.000079354326370,0.000081366777098,0.000082334218807,0.000083618161000,0.000086290890232,0.000088856100434,0.000093298024930,0.000098854621904,0.349539656446331,0.964978425604282,0.390521824655073,0.000142275392255
0.832,0.000120881097720,0.000109802317521,0.000101529726314,0.000097941386480,0.000091547130057,0.000088675788302,0.000086627020618,0.000083278856141,0.000080890251219,0.000079253709875,0.000077653123874,0.000076103563409,0.000075519625320,0.000075245743079,0.000075369987980,0.000075594169221,0.000076193998793,0.000077523264399,0.000078186768151,0.000078933231947,0.000080935003588,0.000081897311560,0.000083174440502,0.000085832986873,0.000088384584764,0.000092802938150,0.000098330048993,0.288574124283471,0.959857759224142,0.458588857520822,0.000141520406650
0.833,0.000120229648900,0.000109210574134,0.000100982565330,0.000097413563670,0.000091053766984,0.000088197899378,0.000086160172853,0.000082830052204,0.000080454319881,0.000078826598137,0.000077234637967,0.000075693428346,0.000075112637200,0.000074840230956,0.000074963806280,0.000075186779370,0.000075783376359,0.000077105478326,0.000077765406343,0.000078507847319,0.000080498831072,0.000081455953002,0.000082726199279,0.000085370418291,0.000087908265186,0.000092302807313,0.000097800131615,0.228216433538152,0.954684922188080,0.525891103801647,0.000140757729079
0.834,0.000119578714320,0.000108619297856,0.000100435836263,0.000096886157513,0.000090560793362,0.000087720387690,0.000085693693607,0.000082381602544,0.000080018732658,0.000078399823551,0.000076816482403,0.000075283617036,0.000074705970347,0.000074435038936,0.000074557945212,0.000074779711105,0.000075373078061,0.000076688022045,0.000077344377150,0.000078082798480,0.000080063002861,0.000081014942843,0.000082278311887,0.000084908214850,0.000087432321605,0.000091803071269,0.000097270632542,0.168496695085003,0.949516168630173,0.592439778719007,0.000139995653550
0.835,0.000118919576750,0.000108020570395,0.000099882217390,0.000096352105054,0.000090061607352,0.000087236858464,0.000085221335853,0.000081927501581,0.000079577656223,0.000077967670810,0.000076393057299,0.000074868641338,0.000074294178733,0.000074024740741,0.000074146969537,0.000074367513019,0.000074957609239,0.000076265305035,0.000076918042203,0.000077652393234,0.000079621682401,0.000080568375133,0.000081824780280,0.000084440186784,0.000086950380247,0.000091297037619,0.000096734460794,0.109416397763610,0.944282279055579,0.658175351939381,0.000139223974448
0.836,0.000118256692690,0.000107418439811,0.000099325451788,0.000095815017079,0.000089559584005,0.000086750580893,0.000084746293251,0.000081470819541,0.000079134072742,0.000077533061744,0.000075967225477,0.000074451306949,0.000073880046525,0.000073612110441,0.000073733657906,0.000073952972030,0.000074539778923,0.000075840185333,0.000076489283999,0.000077219541595,0.000079177853509,0.000080119269166,0.000081368670831,0.000083969498481,0.000086465699569,0.000090788127710,0.000096195241484,0.050968914149692,0.939018640587804,0.723135217935362,0.000138447909178
0.837,0.000117591057780,0.000106813810492,0.000098766375708,0.000095275700286,0.000089055477351,0.000086262285358,0.000084269279308,0.000081012242353,0.000078688648468,0.000077096649129,0.000075539626530,0.000074032240697,0.000073464195743,0.000073197767798,0.000073318631106,0.000073536710771,0.000074120214686,0.000075413301461,0.000076058746526,0.000076784893699,0.000078732182805,0.000079668299488,0.000080910668610,0.000083496856905,0.000085979007553,0.000090277105916,0.000095653784510,0.001118373856063,0.933733158865596,0.787307274442047,0.000137668623377
0.838,0.000116920419160,0.000106204636055,0.000098203096942,0.000094732329341,0.000088547581227,0.000085770319207,0.000083788679556,0.000080550217949,0.000078239875852,0.000076656955913,0.000075108813236,0.000073610024240,0.000073045218928,0.000072780310460,0.000072900484467,0.000073117320392,0.000073697496502,0.000074983208617,0.000075624972617,0.000076346978469,0.000078283161907,0.000079213939783,0.000080449223496,0.000083020662389,0.000085488656976,0.000089762242670,0.000095108257297,0.000100907042646,0.928407945112056,0.850658367826655,0.000136883479529
0.839,0.000116246335390,0.000105592332216,0.000097636924546,0.000094186167036,0.000088037075981,0.000085275825768,0.000083305610907,0.000080085820070,0.000077788797838,0.000076215003940,0.000074675786804,0.000073185638808,0.000072624089780,0.000072360708594,0.000072480189759,0.000072695775556,0.000073272606763,0.000074550906335,0.000075188970360,0.000075906813616,0.000077831834335,0.000078757245977,0.000079985407883,0.000082542021605,0.000084995787411,0.000089244734510,0.000094559927646,0.000100325281135,0.923055375072268,0.913216046410260,0.000136094302304
0.840,0.000115565537570,0.000104973929672,0.000097065112926,0.000093634564811,0.000087521485970,0.000084776407046,0.000082817730768,0.000079616796668,0.000077333226970,0.000075768650011,0.000074238447316,0.000072757026386,0.000072198766075,0.000071936927384,0.000072055708806,0.000072270032023,0.000072843485013,0.000074114298211,0.000074748625407,0.000075462264607,0.000077376011422,0.000078296003382,0.000079516972546,0.000082058613434,0.000084498008736,0.000088722071835,0.000094006136489,0.000099737725128,0.917649492063899,0.974934692985240,0.000135297264668
0.841,0.000114882628270,0.000104353609165,0.000096491527844,0.000093081251804,0.000087004296866,0.000084275439387,0.000082328337478,0.000079146318600,0.000076876243158,0.000075320911725,0.000073799751428,0.000072327084631,0.000071772123239,0.000071511831826,0.000071629911335,0.000071842968055,0.000072413032350,0.000073676335955,0.000074306914733,0.000075016336838,0.000076918774785,0.000077833330253,0.000079047084366,0.000081573705983,0.000083998686211,0.000088197788132,0.000093450627760,0.000099148346828,0.864721288521466,1.000000000000000,0.000134497755037
0.842,0.000114194528510,0.000103728573905,0.000095913583222,0.000092523733335,0.000086483176862,0.000083770664118,0.000081835224550,0.000078672264657,0.000076415786035,0.000074869770399,0.000073357721227,0.000071893875100,0.000071342237698,0.000071083505324,0.000071200877585,0.000071412658183,0.000071979308027,0.000073235044962,0.000073861846832,0.000074567019790,0.000076458062915,0.000077367140572,0.000078573624796,0.000081085112987,0.000083495568580,0.000087669519604,0.000092890896881,0.000098554488952,0.799087541939044,0.994010410678316,0.000133692168724
0.843,0.000113506940040,0.000103104003075,0.000095336068040,0.000091966629128,0.000085962444073,0.000083266263920,0.000081342478027,0.000078198562959,0.000075955671053,0.000074418964292,0.000072916019475,0.000071460987463,0.000070912671582,0.000070655497088,0.000070772162627,0.000070982668051,0.000071545905981,0.000072794081869,0.000073417109638,0.000074118036606,0.000075997693376,0.000076901297291,0.000078100517029,0.000080596883038,0.000082992824788,0.000087141643605,0.000092331581908,0.000097961072339,0.734185660596572,0.988025271934804,0.000132887180998
0.844,0.000112811150070,0.000102471982415,0.000094751664303,0.000091402879827,0.000085435500026,0.000082755847278,0.000080843854063,0.000077719210985,0.000075490067857,0.000073962781005,0.000072469049140,0.000071022936377,0.000070477981636,0.000070222383605,0.000070338333992,0.000070547549031,0.000071107334351,0.000072347859003,0.000072967067654,0.000073663697986,0.000075531832585,0.000076429897469,0.000077621766070,0.000080102829522,0.000082484084309,0.000086607471143,0.000091765595470,0.000097360577501,0.669973627435709,0.981968742927159,0.000132072591444
0.845,0.000112113491080,0.000101838264030,0.000094165690750,0.000090837616191,0.000084907140510,0.000082244059562,0.000080343890704,0.000077238571383,0.000075023213965,0.000073505372326,0.000072020878161,0.000070583708606,0.000070042124033,0.000069788106698,0.000069903340013,0.000070111261202,0.000070667584636,0.000071900437501,0.000072515816774,0.000073208138929,0.000075064720407,0.000075957231380,0.000077141729097,0.000079607448887,0.000081973977259,0.000086071863796,0.000091198088689,0.000096758469623,0.606477580705588,0.975895944967208,0.004155559063300
0.846,0.000111416760940,0.000101205389367,0.000093580497351,0.000090273105137,0.000084379484442,0.000081732953230,0.000079844592986,0.000076758571696,0.000074556981633,0.000073048572633,0.000071573303868,0.000070145065614,0.000069606846722,0.000069354407980,0.000069468925177,0.000069675554238,0.000070228420396,0.000071453611687,0.000072065166681,0.000072753186395,0.000074598230133,0.000075485194590,0.000076662331237,0.000079112727793,0.000081464549356,0.000085536969546,0.000090631337476,0.000096157163380,0.543724746225184,0.969831232251578,0.067447326860412
0.847,0.000110710521240,0.000100563876697,0.000092987316740,0.000089700889160,0.000083844626479,0.000081214870889,0.000079338480433,0.000076272020569,0.000074084385769,0.000072585538153,0.000071119620703,0.000069700435652,0.000069165628380,0.000068914789777,0.000069028581081,0.000069233900378,0.000069783262072,0.000071000687218,0.000071608365736,0.000072292024286,0.000074125372807,0.000075006715044,0.000076176390151,0.000078611254328,0.000080948168352,0.000084994774609,0.000090056850764,0.000095547650003,0.481678576696851,0.963683743164949,0.140471654227812
0.848,0.000109999145890,0.000099917699060,0.000092389822624,0.000089124512130,0.000083305879124,0.000080693021145,0.000078828687518,0.000075781931328,0.000073608353273,0.000072119136567,0.000070662638435,0.000069252572421,0.000068721201576,0.000068471974748,0.000068585034880,0.000068789034890,0.000069334866635,0.000070544469163,0.000071148243015,0.000071827508687,0.000073649076946,0.000074524756080,0.000075686915388,0.000078106134237,0.000080428032317,0.000084448636926,0.000089478186487,0.000094933704353,0.420350138129660,0.957491550693394,0.212548936375185
0.849,0.000109293966230,0.000099277149277,0.000091797532355,0.000088553155029,0.000082771823963,0.000080175716426,0.000078323334621,0.000075296110496,0.000073136466758,0.000071656797085,0.000070209636233,0.000068808609833,0.000068280645487,0.000068033016395,0.000068145351725,0.000068348043936,0.000068890376478,0.000070092224517,0.000070692127711,0.000071367038764,0.000073176929362,0.000074046994714,0.000075201703681,0.000077605413466,0.000079912426382,0.000083907255803,0.000088904562059,0.000094325105833,0.359795297954776,0.951353288824794,0.283685569113351
0.850,0.000108574756420,0.000098623855210,0.000091193457967,0.000087970430291,0.000082227143320,0.000079648119489,0.000077807927298,0.000074800623845,0.000072655191660,0.000071185258964,0.000069747621166,0.000068355814231,0.000067831324159,0.000067585324592,0.000067696920698,0.000067898279092,0.000068437042810,0.000069630982079,0.000070226937605,0.000070897407401,0.000072695387999,0.000073559727879,0.000074706838275,0.000077094730428,0.000079386562027,0.000083355103442,0.000088319524885,0.000093704398728,0.299958483119154,0.945092900930399,0.353853639364388
0.851,0.000107858195980,0.000097972967698,0.000090591608822,0.000087389852150,0.000081684469130,0.000079122466074,0.000077294418592,0.000074306962429,0.000072175689446,0.000070715457860,0.000069287308035,0.000067904686603,0.000067383658006,0.000067139281962,0.000067250141568,0.000067450171057,0.000067985379098,0.000069171438730,0.000069763461131,0.000070429506029,0.000072215620501,0.000073074256001,0.000074213795816,0.000076585928605,0.000078862634812,0.000082804985058,0.000087736642826,0.000093085978135,0.240878872434012,0.938855574629480,0.423077769886644
0.852,0.000107133719980,0.000097314890089,0.000089983111286,0.000086802860592,0.000081135800233,0.000078591005973,0.000076775237359,0.000073807847731,0.000071690890360,0.000070240467048,0.000068821910006,0.000067448575547,0.000066931046662,0.000066688312075,0.000066798427045,0.000066997112950,0.000067528726036,0.000068706818988,0.000069294864815,0.000069956435936,0.000071730553201,0.000072583421306,0.000073715306912,0.000076071506250,0.000078332919979,0.000082248789733,0.000087147321899,0.000092460726095,0.182544466618593,0.932549347029277,0.491302240605075
0.853,0.000106414495730,0.000096661582905,0.000089379024770,0.000086220124155,0.000080591108654,0.000078063398443,0.000076259819687,0.000073312351132,0.000071209605599,0.000069768919460,0.000068359885663,0.000066995770854,0.000066481716313,0.000066240611284,0.000066349987015,0.000066547339075,0.000067075383266,0.000068245567289,0.000068829665369,0.000069486795144,0.000071249002170,0.000072096144688,0.000073220431569,0.000075560812959,0.000077807045067,0.000081696626286,0.000086562272978,0.000091840006527,0.124993243112733,0.926288833513063,0.558605587162790
0.854,0.000105683955110,0.000095997996500,0.000088765433475,0.000085628218865,0.000080037846826,0.000077527489467,0.000075736292365,0.000072809058323,0.000070720748239,0.000069289952480,0.000067890591767,0.000066535841672,0.000066025316140,0.000065785866308,0.000065894491170,0.000066090488399,0.000066614907541,0.000067777058194,0.000068357146413,0.000069009764960,0.000070759874351,0.000071601201195,0.000072717769793,0.000075042084352,0.000077272895968,0.000081135775026,0.000085968018820,0.000091209520475,0.068186222783860,0.919929816228828,0.624887671153906
0.855,0.000104950933360,0.000095332156360,0.000088149758245,0.000085034303291,0.000079482705958,0.000076989760386,0.000075210986991,0.000072304056184,0.000070230230576,0.000068809358787,0.000067419704012,0.000066074350436,0.000065567365898,0.000065329576886,0.000065437448327,0.000065632086124,0.000066152867905,0.000067306957905,0.000067883022645,0.000068531114643,0.000070269085310,0.000071104576729,0.000072213400830,0.000074521593991,0.000076736932743,0.000080573018951,0.000085371746401,0.000090576893107,0.012152409495909,0.913549201802292,0.690171784497415
0.856,0.000104215082260,0.000094663746182,0.000087531706604,0.000084438095295,0.000078925422333,0.000076449955755,0.000074683654020,0.000071797104816,0.000069737819592,0.000068326910078,0.000066946998703,0.000065611077915,0.000065107648040,0.000064871526257,0.000064978641371,0.000065171914487,0.000065689044869,0.000066835043103,0.000067407068832,0.000068050616809,0.000069776401900,0.000070606035369,0.000071707085081,0.000073999094617,0.000076198900783,0.000080008090724,0.000084773172462,0.000089941823896,0.000097355420000,0.907143959283219,0.754475128111994
0.857,0.000103477638370,0.000093993889193,0.000086912317157,0.000083840596775,0.000078366932437,0.000075908982687,0.000074155179608,0.000071289056124,0.000069244342757,0.000067843417082,0.000066473270198,0.000065146802615,0.000064646935097,0.000064412484152,0.000064518841301,0.000064710746784,0.000065224217862,0.000066362106814,0.000066930084791,0.000067569078912,0.000069282652050,0.000070106414889,0.000071199673383,0.000073475464265,0.000075659704224,0.000079441939680,0.000084173302878,0.000089305380043,0.000096666516262,0.900724852219801,0.817789470169392
0.858,0.000102736115430,0.000093320326999,0.000086289501658,0.000083239793289,0.000077805353345,0.000075365017316,0.000073623782026,0.000070778197243,0.000068748136335,0.000067357249724,0.000065996921341,0.000064679959253,0.000064183673796,0.000063950902932,0.000064056497923,0.000064247028207,0.000064756819740,0.000065886554557,0.000066450462391,0.000067084877467,0.000068786171104,0.000069604030841,0.000070689455022,0.000072948937538,0.000075117525187,0.000078872657064,0.000083570115214,0.000088665415806,0.000095973801967,0.866703043690255,0.880078314131499
0.859,0.000101989584170,0.000092642215500,0.000085662479602,0.000082634931917,0.000077239981293,0.000074817377947,0.000073088795332,0.000070263887971,0.000068248578486,0.000066867798742,0.000065517355177,0.000064209962784,0.000063717283582,0.000063486204146,0.000063591031832,0.000063780177628,0.000064286264765,0.000065407790372,0.000065967600574,0.000066597405677,0.000068286336875,0.000069098253641,0.000070175790594,0.000072418854597,0.000074571684218,0.000078299529456,0.000082962853559,0.000088021129185,0.000095276409010,0.801216868622810,0.941349106915251
0.860,0.000101242669040,0.000091963755312,0.000085035135127,0.000082029759522,0.000076674318523,0.000074269456981,0.000072553533545,0.000069749314238,0.000067748763762,0.000066378096083,0.000065037542417,0.000063739724641,0.000063250653548,0.000063021266409,0.000063125326395,0.000063313086993,0.000063815467828,0.000064928780004,0.000065484490466,0.000066109683226,0.000067786245630,0.000068592216367,0.000069661862038,0.000071888499084,0.000074025562576,0.000077726107144,0.000082355279648,0.000087376511270,0.000094578657451,0.736594379442437,0.997949935402821
0.861,0.000100489434360,0.000091279554762,0.000084402482774,0.000081419466843,0.000076103869755,0.000073716900127,0.000072013742979,0.000069230386765,0.000067244720172,0.000065884250114,0.000064553670025,0.000063265507875,0.000062780075418,0.000062552394896,0.000062655680687,0.000062842044366,0.000063340687541,0.000064445716792,0.000064997292828,0.000065617834220,0.000067281923178,0.000068081897579,0.000069143585200,0.000071353656304,0.000073474820271,0.000077147833181,0.000081742565135,0.000086726439328,0.000093875002308,0.672806794692254,1.000000000000000
0.862,0.000099731965328,0.000090591507940,0.000083766273929,0.000080805743370,0.000075530214177,0.000073161237043,0.000071470917949,0.000068708542112,0.000066737843072,0.000065387627962,0.000064067077516,0.000062788625272,0.000062306851907,0.000062080887594,0.000062183394838,0.000062368353745,0.000062863238249,0.000063959938013,0.000064507356381,0.000065123220257,0.000066774765649,0.000067568710005,0.000068622394839,0.000070815806874,0.000072920981936,0.000076566308418,0.000081126406211,0.000086072712969,0.000093167391527,0.609857208425267,0.992462202289364
0.863,0.000098972065800,0.000089901253377,0.000083128023677,0.000080190050637,0.000074954717907,0.000072603790999,0.000070926351154,0.000068185023012,0.000066229339551,0.000064889412295,0.000063578923675,0.000062310212493,0.000061832109961,0.000061607867364,0.000061709593562,0.000061893143191,0.000062384256963,0.000063472600513,0.000064015847871,0.000064627019223,0.000066265980801,0.000067053875762,0.000068099532131,0.000070276231643,0.000072365366496,0.000075982917712,0.000080508270215,0.000085416888993,0.000092457510230,0.547773344159263,0.984900217956368
0.864,0.000098211457985,0.000089210355442,0.000082489178525,0.000079573784030,0.000074378685228,0.000072045825372,0.000070381276778,0.000067661015951,0.000065720362065,0.000064390732251,0.000063090314835,0.000061831353795,0.000061356925517,0.000061134406242,0.000061235350666,0.000061417489702,0.000061904829227,0.000062984808775,0.000063523881236,0.000064130355690,0.000065756721724,0.000066538561653,0.000067576182074,0.000069736153485,0.000071809233179,0.000075398983240,0.000079889558066,0.000084760453738,0.000091746967268,0.486578023262998,0.977331185261652
0.865,0.000097441697460,0.000088511143645,0.000081842645883,0.000078950101631,0.000073795720908,0.000071481145511,0.000069829643296,0.000067130703294,0.000065205259842,0.000063886051384,0.000062595826362,0.000061346732791,0.000060876022981,0.000060655247765,0.000060755401008,0.000060936112476,0.000061419632339,0.000062491147236,0.000063025994562,0.000063627715598,0.000065241334521,0.000066017046555,0.000067046534327,0.000069189576342,0.000071246407678,0.000074808022041,0.000079263400697,0.000084096119324,0.000091027874046,0.426215349567311,0.969671071232631
0.866,0.000096667570038,0.000087807965178,0.000081192445424,0.000078322881044,0.000073209449397,0.000070913262189,0.000069274880364,0.000066597382143,0.000064687235412,0.000063378507431,0.000062098532627,0.000060859362504,0.000060392392256,0.000060173370993,0.000060272728567,0.000060452004370,0.000060931682899,0.000061994685126,0.000062525283347,0.000063122223999,0.000064723023496,0.000065492572871,0.000066513881858,0.000068639898435,0.000070680389235,0.000074213708285,0.000078633691100,0.000083428016102,0.000090304701367,0.366729549428062,0.961967500928843
0.867,0.000095893130128,0.000087104502862,0.000080541982501,0.000077695407270,0.000072622941229,0.000070345149632,0.000068719893494,0.000066063845709,0.000064169001875,0.000062870758601,0.000061601038152,0.000060371795482,0.000059908566307,0.000059691299705,0.000059789861289,0.000059967700846,0.000060443536492,0.000061498022612,0.000062024370013,0.000062616528351,0.000064204503247,0.000064967887475,0.000065981014375,0.000068089998641,0.000070114142310,0.000073619154625,0.000078003727311,0.000082759643190,0.000089581236768,0.308151074088195,0.954260820974167
0.868,0.000095111369488,0.000086394390763,0.000079885370795,0.000077062002028,0.000072030888838,0.000069771666744,0.000068159660370,0.000065525265789,0.000063645869510,0.000062358210054,0.000061098840894,0.000059879619521,0.000059420166783,0.000059204671428,0.000059302429497,0.000059478819232,0.000059950775668,0.000060996665180,0.000061518721578,0.000062106052395,0.000063681081459,0.000064438242262,0.000065443109731,0.000067534900681,0.000069542542690,0.000073018980688,0.000077367808516,0.000082084952192,0.000088850933305,0.250442294390582,0.946481290270204
0.869,0.000094323625081,0.000085678843311,0.000079223733239,0.000076423748564,0.000071434304748,0.000069193794293,0.000067595139098,0.000064982563461,0.000063118732975,0.000061841738349,0.000060592799709,0.000059383676337,0.000058928028942,0.000058714318392,0.000058811266796,0.000058986195612,0.000059454243146,0.000060491470248,0.000061009202799,0.000061591669145,0.000063153653287,0.000063904543029,0.000064901087848,0.000066975553880,0.000068966567921,0.000072414212888,0.000076727022259,0.000081405096962,0.000088115039940,0.193628599695775,0.938642213335365
0.870,0.000093535427748,0.000084962884444,0.000078561715264,0.000075785128125,0.000070837377642,0.000068615589584,0.000067030293246,0.000064439549098,0.000062591293355,0.000061324969690,0.000060086467567,0.000058887448004,0.000058435608138,0.000058223683420,0.000058319821693,0.000058493288750,0.000058957425134,0.000059985984846,0.000060499391064,0.000061076990141,0.000062625921862,0.000063370536938,0.000064358754320,0.000066415885474,0.000068390261986,0.000071809097368,0.000076085867572,0.000080724850839,0.000087378723461,0.137738130438127,0.930798629201483
0.871,0.000092738704184,0.000084239180776,0.000077892535989,0.000075139599486,0.000070233993349,0.000068031130215,0.000066459337241,0.000063890660741,0.000062058148219,0.000060802610948,0.000059574658237,0.000058385851779,0.000057937860631,0.000057727741062,0.000057823060441,0.000057995049926,0.000058455232852,0.000059475031416,0.000059984064502,0.000060556743659,0.000062092481765,0.000062830754299,0.000063810554163,0.000065850162921,0.000067807721931,0.000071197436082,0.000075437777270,0.000080037246234,0.000086634441966,0.082745233835286,0.922870198020553
0.872,0.000091938294592,0.000083512128906,0.000077220260767,0.000074491084320,0.000069627817508,0.000067443966855,0.000065885739718,0.000063339232962,0.000061522536497,0.000060277835521,0.000059060481030,0.000057881934927,0.000057437810304,0.000057229504236,0.000057324000931,0.000057494506009,0.000057950717186,0.000058961714068,0.000059466353789,0.000060034090265,0.000061556573716,0.000062288474364,0.000063259817768,0.000065281823062,0.000067222486764,0.000070582944956,0.000074786688590,0.000079346460437,0.000085886717066,0.028675923159267,0.914905086097191
0.873,0.000091132666201,0.000082780336541,0.000076543602202,0.000073838340731,0.000069017689304,0.000066852975096,0.000065308402247,0.000062784209785,0.000060983432500,0.000059749638475,0.000058542951305,0.000057374732457,0.000056934499568,0.000056728018825,0.000056821687474,0.000056990698465,0.000057442911998,0.000058445049810,0.000058945267520,0.000059508029087,0.000061017171461,0.000061742658678,0.000062705490484,0.000064709777536,0.000066633435769,0.000069964447249,0.000074131354707,0.000078651170607,0.000085134116879,0.000093325599377,0.906888040367483
0.874,0.000090316708342,0.000082039161406,0.000075858267773,0.000073177227906,0.000068399738263,0.000066254405859,0.000064723662370,0.000062222070307,0.000060437416311,0.000059214669082,0.000058018786006,0.000056861026826,0.000056424735569,0.000056220103555,0.000056312933540,0.000056480431289,0.000056928595919,0.000057921761074,0.000058417500076,0.000058975222948,0.000060470853191,0.000061189844745,0.000062144055820,0.000064130397455,0.000066036832182,0.000069338019395,0.000073467618376,0.000077946966029,0.000084371867132,0.000092490007054,0.898768203052756
0.875,0.000089504822272,0.000081301684880,0.000075176353296,0.000072519414162,0.000067784870917,0.000065658823600,0.000064141840459,0.000061662736015,0.000059894124851,0.000058682369292,0.000057497236395,0.000056349884686,0.000055917515392,0.000055714722881,0.000055806718387,0.000055972710445,0.000056416846379,0.000057401083650,0.000057892366295,0.000058445075616,0.000059927261155,0.000060639789462,0.000061585422826,0.000063553908593,0.000065443205763,0.000068714717537,0.000072807194219,0.000077246275569,0.000083613421161,0.000091658584500,0.890688885303706
0.876,0.000088681845472,0.000080554134091,0.000074485123560,0.000071852614387,0.000067161604207,0.000065055105418,0.000063552070597,0.000061095760964,0.000059343411783,0.000058142798045,0.000056968562180,0.000055831760113,0.000055403366358,0.000055202438479,0.000055293588107,0.000055458053905,0.000055898106108,0.000056873293539,0.000057360058950,0.000057907686232,0.000059376243407,0.000060082220176,0.000061019158652,0.000062969544634,0.000064841470139,0.000068082901095,0.000072137748370,0.000076536013361,0.000082844614475,0.000090815804339,0.882499200435139
0.877,0.000087854469304,0.000079802587138,0.000073790198734,0.000071182250115,0.000066535005714,0.000064448159955,0.000062959148017,0.000060525755048,0.000058789754782,0.000057600342426,0.000056437061844,0.000055310865814,0.000054886468850,0.000054687415570,0.000054777714798,0.000054940646177,0.000055376592820,0.000056342682032,0.000056824906061,0.000057367424138,0.000058822280096,0.000059521670304,0.000060449867413,0.000062382056854,0.000064236517831,0.000067447707167,0.000071464723881,0.000075821954321,0.000082071697997,0.000089968518947,0.874265736155698
0.878,0.000087018699343,0.000079043415685,0.000073088223843,0.000070505084948,0.000065902050332,0.000063835056984,0.000062360210193,0.000059949966379,0.000058230480889,0.000057052383553,0.000055900169397,0.000054784687003,0.000054364327378,0.000054167167716,0.000054256607916,0.000054417989310,0.000054849788741,0.000055806687431,0.000056284324006,0.000056821681045,0.000058262696786,0.000058955433612,0.000059874800673,0.000061788608966,0.000063625428237,0.000066806069148,0.000070784871507,0.000075100651098,0.000081290940223,0.000089112637781,0.857744133121891
0.879,0.000086182385823,0.000078283750490,0.000072385792409,0.000069827479373,0.000065268683296,0.000063221555270,0.000061760882838,0.000059373803235,0.000057670843262,0.000056504068305,0.000055362927772,0.000054258165982,0.000053841846321,0.000053646581508,0.000053735162123,0.000053894992523,0.000054322642044,0.000055270344237,0.000055743390374,0.000056275583017,0.000057702749540,0.000058388828657,0.000059299359926,0.000061194775119,0.000063013941209,0.000066164013828,0.000070104576978,0.000074378878763,0.000080509674669,0.000088256199977,0.795450953041062
0.880,0.000085337875734,0.000077516639943,0.000071676476562,0.000069143232700,0.000064629108736,0.000062602040728,0.000061155681576,0.000058791993212,0.000057105720719,0.000055950379111,0.000054820420732,0.000053726484617,0.000053314244515,0.000053120893122,0.000053208605726,0.000053366869931,0.000053790328871,0.000054728744432,0.000055197155141,0.000055724132774,0.000057137314345,0.000057816670502,0.000058718279381,0.000060595121205,0.000062396461098,0.000065515665832,0.000069417614997,0.000073650032457,0.000079720752062,0.000087391368370,0.731038092053895
0.881,0.000084491191197,0.000076747554237,0.000070965334366,0.000068457224225,0.000063987887396,0.000061980931057,0.000060548922040,0.000058208685143,0.000056539143097,0.000055395264276,0.000054276516842,0.000053193434276,0.000052785284237,0.000052593851191,0.000052680693549,0.000052837387528,0.000053256645096,0.000054185750114,0.000054649513460,0.000055171262654,0.000056570423265,0.000057243039152,0.000058135702667,0.000059993923299,0.000061777391098,0.000064865648466,0.000068728884223,0.000072919309515,0.000078929798134,0.000086524309990,0.667738533382703
0.882,0.000083637527196,0.000075972128737,0.000070248330020,0.000067765560785,0.000063341380285,0.000061354701402,0.000059937160810,0.000057620568697,0.000055967895013,0.000054835573469,0.000053728129397,0.000052655989848,0.000052251963588,0.000052062464702,0.000052148429641,0.000052303540449,0.000052718562012,0.000053638279738,0.000054097357411,0.000054613835067,0.000055998859139,0.000056664679193,0.000057548323606,0.000059387769547,0.000061153217925,0.000064210272820,0.000068034476043,0.000072182563014,0.000078132324145,0.000085650104199,0.605501935779553
0.883,0.000082785894383,0.000075198548265,0.000069533031697,0.000067075543073,0.000062696411457,0.000060729961782,0.000059326855190,0.000057033851602,0.000055398006143,0.000054277214378,0.000053181046771,0.000052119824202,0.000051719911910,0.000051532342581,0.000051617432189,0.000051770963592,0.000052181759230,0.000053092111999,0.000053546515149,0.000054057733811,0.000055428654979,0.000056087695371,0.000056962342141,0.000058783058062,0.000060530529896,0.000063556456559,0.000067341720121,0.000071447569509,0.000077336747647,0.000084777978472,0.544411437139027
0.884,0.000081930640847,0.000074421678911,0.000068814692279,0.000066382591746,0.000062048700539,0.000060102566077,0.000058713954852,0.000056444640075,0.000054825694386,0.000053716481419,0.000052631638220,0.000051581379045,0.000051185598210,0.000050999966643,0.000051084177198,0.000051236122482,0.000051642674227,0.000052543622225,0.000052993330977,0.000053499268285,0.000054856026592,0.000055508258498,0.000056373869372,0.000058175775642,0.000059905194504,0.000062899860594,0.000066646018943,0.000070709451175,0.000076537788749,0.000083902144897,0.484439168660610
0.885,0.000081078595730,0.000073647723924,0.000068099047656,0.000065692239973,0.000061403419461,0.000059477524000,0.000058103353762,0.000055857638930,0.000054255529614,0.000053157852007,0.000052084290733,0.000051044953823,0.000050653288947,0.000050469587873,0.000050552922672,0.000050703287788,0.000051105611561,0.000051997190069,0.000052442222034,0.000052942897801,0.000054285546377,0.000054930995338,0.000055787604214,0.000057570771397,0.000059282205010,0.000062245727800,0.000065952927636,0.000069974101836,0.000075741827086,0.000083029596945,0.425608900955702
0.886,0.000080225446148,0.000072872765696,0.000067382475378,0.000065000993331,0.000060757301935,0.000058851671710,0.000057491961181,0.000055269876884,0.000053684625764,0.000052598498471,0.000051536233746,0.000050507833260,0.000050120289677,0.000049938521598,0.000050020979507,0.000050169762405,0.000050567852727,0.000051450049599,0.000051890398715,0.000052385806121,0.000053714326676,0.000054352983900,0.000055200579108,0.000056964982913,0.000058658407965,0.000061590747084,0.000065258937907,0.000069237799299,0.000074944833656,0.000082155917951,0.367904161774567
0.887,0.000079381190454,0.000072105886229,0.000066673373201,0.000064316952775,0.000060117920036,0.000058232343787,0.000056886942226,0.000054688242122,0.000053119673456,0.000052044976067,0.000050993890127,0.000049976312055,0.000049592846803,0.000049412991567,0.000049494581727,0.000049641798902,0.000050035699904,0.000050908612942,0.000051344328027,0.000051834521993,0.000053149061809,0.000053780998098,0.000054619673604,0.000056365509635,0.000058041113861,0.000060942594392,0.000064572182862,0.000068509172546,0.000074156148699,0.000081291346860,0.311375660644998
0.888,0.000078537442598,0.000071339468056,0.000065964697565,0.000063633323685,0.000059478922739,0.000057613388403,0.000056282287203,0.000054106957226,0.000052555060979,0.000051491786618,0.000050451872740,0.000049445110571,0.000049065721196,0.000048887777653,0.000048968500586,0.000049114152981,0.000049503867183,0.000050367501972,0.000050798585812,0.000051283569475,0.000052584136961,0.000053209356358,0.000054039117527,0.000055766396953,0.000057424191072,0.000060294831577,0.000063885840914,0.000067780984079,0.000073367938153,0.000080427295827,0.255959679823526
0.889,0.000077707470975,0.000070585563522,0.000065267592779,0.000062960856500,0.000058850358625,0.000057004538969,0.000055687504642,0.000053535163218,0.000051999667172,0.000050947629331,0.000049918705103,0.000048922582242,0.000048547202195,0.000048371139133,0.000048451008998,0.000048595122161,0.000048980717923,0.000049835225952,0.000050261754164,0.000050741612594,0.000052028435883,0.000052647048058,0.000053468040439,0.000055177066241,0.000056817341046,0.000059657645063,0.000063210705166,0.000067064685056,0.000072592597058,0.000079577352525,0.201699040551809
0.890,0.000076885109947,0.000069838572070,0.000064576880238,0.000062294555641,0.000058227558258,0.000056401272505,0.000055098176061,0.000052968612392,0.000051449366162,0.000050408461806,0.000049390426456,0.000048404845343,0.000048033437861,0.000047859238035,0.000047938262655,0.000048080850700,0.000048462365787,0.000049307830746,0.000049729845105,0.000050204625299,0.000051477830420,0.000052089895959,0.000052902199958,0.000054593139517,0.000056216055656,0.000059026301362,0.000062541760213,0.000066354954284,0.000071824365613,0.000078735202953,0.148563411200909
0.891,0.000076072208155,0.000069100172913,0.000063894112643,0.000061635918930,0.000057611921674,0.000055804945134,0.000054515626253,0.000052408578337,0.000050905395008,0.000049875496073,0.000048868224352,0.000047893063731,0.000047525583119,0.000047353225097,0.000047431414194,0.000047572494664,0.000047949976015,0.000048786501922,0.000049204054347,0.000049673814718,0.000050933558316,0.000051539152521,0.000052342868078,0.000054015929431,0.000055621686572,0.000058402219714,0.000061880509823,0.000065653387215,0.000071064970776,0.000077902740236,0.096521891516696
0.892,0.000075333708614,0.000068429357023,0.000063273836539,0.000061037565091,0.000057052632300,0.000055263197663,0.000053986395329,0.000051899802373,0.000050411211761,0.000049391310957,0.000048393817704,0.000047428123821,0.000047064210665,0.000046893525874,0.000046970955921,0.000047110666799,0.000047484483608,0.000048312888625,0.000048726387504,0.000049191587499,0.000050439101663,0.000051038816835,0.000051834730021,0.000053491549502,0.000055081718153,0.000057835258224,0.000061279781526,0.000065016032293,0.000070375080873,0.000077146470117,0.045604065543518
0.893,0.000074540972778,0.000067709275607,0.000062608006612,0.000060395267425,0.000056452268040,0.000054681663606,0.000053418297050,0.000051353661289,0.000049880735101,0.000048871566703,0.000047884570061,0.000046929038165,0.000046568954463,0.000046400065786,0.000046476681038,0.000046614921740,0.000046984804878,0.000047804492598,0.000048213640232,0.000048673944933,0.000049908331518,0.000050501735893,0.000051289273693,0.000052928658481,0.000054502093803,0.000057226658401,0.000060634935019,0.000064331869258,0.000069634524626,0.000076334658610,0.002762909370069
0.894,0.000073754973599,0.000066995313433,0.000061947834898,0.000059758427995,0.000055857005668,0.000054105071417,0.000052855026461,0.000050812161305,0.000049354766424,0.000048356239228,0.000047379649997,0.000046434193732,0.000046077906941,0.000045910799115,0.000045986606496,0.000046123389515,0.000046489372411,0.000047300416913,0.000047705250279,0.000048160701285,0.000049382071850,0.000049969219058,0.000050748452645,0.000052370550898,0.000053927395092,0.000056623230449,0.000059995568408,0.000063653520230,0.000068900261614,0.000075529745865,0.000086347940687
0.895,0.000072979781899,0.000066291168229,0.000061296740536,0.000059130345100,0.000055269928145,0.000053536407363,0.000052299500836,0.000050278106938,0.000048836029810,0.000047847997499,0.000046881672578,0.000045946153403,0.000045593611317,0.000045428259855,0.000045503270472,0.000045638615852,0.000046000752134,0.000046803272262,0.000047203850682,0.000047654514732,0.000048863048246,0.000049444024322,0.000050215067880,0.000051820117288,0.000053360598481,0.000056028099624,0.000059364993080,0.000062984498493,0.000068176094709,0.000074735900661,0.000085440392306
0.896,0.000072205950994,0.000065588259103,0.000060646789125,0.000058503364760,0.000054683881196,0.000052968741559,0.000051744950398,0.000049744990067,0.000048318203802,0.000047340647953,0.000046384569323,0.000045458969794,0.000045110165839,0.000044946567658,0.000045020782911,0.000045154693175,0.000045512989596,0.000046307000314,0.000046703331257,0.000047149216753,0.000048344935751,0.000048919751529,0.000049682619434,0.000051270649926,0.000052794796842,0.000055434013510,0.000058735524683,0.000062316651177,0.000067453199029,0.000073943448996,0.000084534437062
0.897,0.000071433036627,0.000064886182514,0.000059997607528,0.000057877127026,0.000054098528371,0.000052401748107,0.000051191056778,0.000049212504628,0.000047800991115,0.000046833899320,0.000045888054845,0.000044972363215,0.000044627292962,0.000044465445986,0.000044538866816,0.000044671343664,0.000045025804772,0.000045811316159,0.000046203404655,0.000046644517258,0.000047827436918,0.000048396099693,0.000049150801630,0.000050721833362,0.000052229665347,0.000054840631041,0.000058106801839,0.000061649594870,0.000066731159558,0.000073151935924,0.000083629554846
0.898,0.000070666749297,0.000064190125593,0.000059353992071,0.000057256258710,0.000053518194413,0.000051839616109,0.000050641912291,0.000048684584767,0.000047288213056,0.000046331495596,0.000045395797527,0.000044489928843,0.000044148560281,0.000043988449494,0.000044061082713,0.000044192138435,0.000044542797114,0.000045319882044,0.000045707764468,0.000046144145101,0.000047314375165,0.000047876937695,0.000048623543678,0.000050177722400,0.000051669379341,0.000054252336287,0.000057483469720,0.000060988257964,0.000066015310919,0.000072367209357,0.000082732431172
0.899,0.000069895609906,0.000063489661303,0.000058706301301,0.000056631459113,0.000052934185834,0.000051273924742,0.000050089290672,0.000048153322166,0.000046772188134,0.000045825910697,0.000044900423281,0.000044004439741,0.000043666796308,0.000043508432704,0.000043580273325,0.000043709898923,0.000044056731096,0.000044825336213,0.000045208985934,0.000045640604634,0.000046798064753,0.000047354488411,0.000048092947178,0.000049630166178,0.000051105545655,0.000053660316504,0.000056856190720,0.000060322733533,0.000065294929591,0.000071577513972,0.000081829626993
0.900,0.000069121570776,0.000062786563036,0.000058056174999,0.000056004310063,0.000052347981189,0.000050706106189,0.000049534591013,0.000047620061842,0.000046254222788,0.000045318424631,0.000044403186264,0.000043517125040,0.000043183220744,0.000043026610892,0.000043097655935,0.000043225846031,0.000043568837309,0.000044328930726,0.000044708331827,0.000045135170689,0.000046279812843,0.000046830074545,0.000047560355460,0.000049080550963,0.000050539591768,0.000053066070532,0.000056226552944,0.000059654706510,0.000064571839392,0.000070784849072,0.000080923427972
0.901,0.000068347763694,0.000062083675550,0.000057406243597,0.000055377349025,0.000051761952282,0.000050138457861,0.000048980057647,0.000047086961383,0.000045736412721,0.000044811090705,0.000043906098313,0.000043029956430,0.000042699790149,0.000042544933525,0.000042615183227,0.000042741938252,0.000043081089787,0.000043832674056,0.000044207827811,0.000044629888266,0.000045761716300,0.000046305817892,0.000047027923406,0.000048531100516,0.000049973807548,0.000052472002707,0.000055597103926,0.000058986879754,0.000063848965967,0.000069992421804,0.000080017500618
0.902,0.000067755085799,0.000061545316719,0.000056908445136,0.000054897144131,0.000051313098315,0.000049703682031,0.000048555326889,0.000046678646617,0.000045339809243,0.000044422511160,0.000043525366413,0.000042656821998,0.000042329518755,0.000042176004971,0.000042245645503,0.000042371301370,0.000042707511951,0.000043452578855,0.000043824479462,0.000044242880019,0.000045364893401,0.000045904276815,0.000046620120588,0.000048110262892,0.000049540459484,0.000052016991534,0.000055114993426,0.000058475374800,0.000063295299414,0.000069385482250,0.000079323628555
0.903,0.000067155470325,0.000061000656140,0.000056404819705,0.000054411318208,0.000050858990296,0.000049263816942,0.000048125624454,0.000046265552330,0.000044938563330,0.000044029383105,0.000043140177864,0.000042279319848,0.000041954913157,0.000041802757931,0.000041871782161,0.000041996326006,0.000042329561208,0.000043068034457,0.000043436643838,0.000043851341654,0.000044963425500,0.000045498035507,0.000046207544242,0.000047684499162,0.000049102038874,0.000051556654237,0.000054627239591,0.000057957882436,0.000062735151928,0.000068771438177,0.000078621634386
0.904,0.000066553907527,0.000060454226710,0.000055899558689,0.000053923914506,0.000050403407506,0.000048822523338,0.000047694526508,0.000045851116470,0.000044536014323,0.000043634978319,0.000042753738368,0.000041900591715,0.000041579090982,0.000041428298726,0.000041496704654,0.000041620132864,0.000041950383024,0.000042682241205,0.000043047548670,0.000043458531722,0.000044560653784,0.000045090474880,0.000045793628005,0.000047257352712,0.000048662194439,0.000051094821939,0.000054137901717,0.000057438709452,0.000062173185295,0.000068155399922,0.000077917360406
0.905,0.000065947808439,0.000059903676742,0.000055390487579,0.000053432835370,0.000049944389239,0.000048377902008,0.000047260177721,0.000045433555414,0.000044130429758,0.000043237599389,0.000042364384793,0.000041519007652,0.000041200434790,0.000041051015784,0.000041118798746,0.000041241102909,0.000041568345518,0.000042293538747,0.000042655519397,0.000043062759671,0.000044154844830,0.000044679840904,0.000045376590490,0.000046826985218,0.000048219033206,0.000050629507037,0.000053644873823,0.000056915621466,0.000061606980961,0.000067534716219,0.000077207775607
0.906,0.000065338599463,0.000059350301907,0.000054878804431,0.000052939236512,0.000049483015754,0.000047930999331,0.000046823600295,0.000045013851858,0.000043722764142,0.000042838181512,0.000041973033448,0.000041135465685,0.000040819835719,0.000040671797006,0.000040738953807,0.000040860128156,0.000041184347781,0.000041902841860,0.000042261478626,0.000042664956919,0.000043746953674,0.000044267099969,0.000044957413161,0.000046394409513,0.000047773598119,0.000050161804609,0.000053149316208,0.000056389849522,0.000061037871438,0.000066910847795,0.000076494549936
0.907,0.000064722232855,0.000058790425440,0.000054361109488,0.000052439838333,0.000049016221564,0.000047478845968,0.000046381893495,0.000044589217179,0.000043310308840,0.000042434070851,0.000041577084094,0.000040747417462,0.000040434764966,0.000040288122765,0.000040354646047,0.000040474677307,0.000040795838432,0.000041507554653,0.000041862808246,0.000042262480358,0.000043334270181,0.000043849509716,0.000044533310892,0.000045956751451,0.000047322929588,0.000049688607118,0.000052647936258,0.000055857900252,0.000060462075414,0.000066279649505,0.000075772944535
0.908,0.000064104763480,0.000058229547274,0.000053842488315,0.000051939546659,0.000048548592214,0.000047025883638,0.000045939396419,0.000044163822769,0.000042897115596,0.000042029237178,0.000041180426331,0.000040358674965,0.000040049005267,0.000039903762076,0.000039969650707,0.000040088536833,0.000040406633984,0.000041111560221,0.000041463424589,0.000041859283710,0.000042920848339,0.000043431172335,0.000044108449845,0.000045518310357,0.000046871454747,0.000049214563009,0.000052145659268,0.000055324999250,0.000059885249210,0.000065647321911,0.000075050048080
0.909,0.000063480661163,0.000057662644077,0.000053318296042,0.000051433880782,0.000048075939524,0.000046568055525,0.000045492145978,0.000043733858713,0.000042479483773,0.000041620054726,0.000040779507614,0.000039965756542,0.000039659101684,0.000039515272532,0.000039580519693,0.000039698248384,0.000040013248649,0.000040711311962,0.000041059750697,0.000041451755868,0.000042502985462,0.000043008341117,0.000043679024881,0.000045075159467,0.000046415130101,0.000048735426653,0.000051637986749,0.000054786373751,0.000059302226658,0.000065008201766,0.000074319386171
0.910,0.000062851819072,0.000057091435507,0.000052790122766,0.000050924374603,0.000047599697252,0.000046106750414,0.000045041498872,0.000043300629275,0.000042058680226,0.000041207764719,0.000040375544102,0.000039569854082,0.000039266236960,0.000039123832585,0.000039188433405,0.000039304995871,0.000039616875730,0.000040308023999,0.000040653011086,0.000041041133036,0.000042081949106,0.000042582298686,0.000043246338629,0.000044628643048,0.000045955339876,0.000048252651473,0.000051126458687,0.000054243657635,0.000058714776315,0.000064364227794,0.000073583175215
0.911,0.000062219520132,0.000056517086909,0.000052259046034,0.000050412067584,0.000047120836997,0.000045642909433,0.000044588374485,0.000042865018303,0.000041635563452,0.000040793208286,0.000039969359936,0.000039171775281,0.000038871212593,0.000038730240829,0.000038794191755,0.000038909581584,0.000039218323884,0.000039902519095,0.000040244035559,0.000040628252943,0.000041658598244,0.000042153914230,0.000042811273829,0.000044179672054,0.000045493022109,0.000047767222398,0.000050612118671,0.000053697958120,0.000058124096659,0.000063716713790,0.000072842917186
0.912,0.000061585110214,0.000055940820805,0.000051726196262,0.000049898050189,0.000046640378030,0.000045177519884,0.000044133737308,0.000042427953011,0.000041211034070,0.000040377267824,0.000039561819693,0.000038772367464,0.000038474869408,0.000038335335036,0.000038398633898,0.000038512847176,0.000038818441442,0.000039495660382,0.000039833694636,0.000040213994419,0.000041233833992,0.000041724099580,0.000042374756533,0.000043729202136,0.000045029160858,0.000047280172682,0.000050096061492,0.000053150436745,0.000057531444975,0.000063067038012,0.000072100187750
0.913,0.000060945283652,0.000055359634493,0.000051188796975,0.000049379644071,0.000046155816866,0.000044708156801,0.000043675218401,0.000041987156019,0.000040782880022,0.000039957776029,0.000039150799838,0.000038369549469,0.000038075142212,0.000037937057506,0.000037999698736,0.000038112725418,0.000038415144771,0.000039085327876,0.000039419850189,0.000039796198920,0.000040805443069,0.000041290615137,0.000041934512216,0.000043274886069,0.000044561339122,0.000046788964494,0.000049575598174,0.000052598240587,0.000056933733182,0.000062411815249,0.000071351116829
0.914,0.000060304155747,0.000054777266107,0.000050650304672,0.000048860183567,0.000045670270152,0.000044237839080,0.000043215766913,0.000041545462491,0.000040353855151,0.000039537431029,0.000038738944009,0.000037965912184,0.000037674602011,0.000037537969919,0.000037599952180,0.000037711789852,0.000038011027835,0.000038674160795,0.000039005164024,0.000039377553668,0.000040376180841,0.000040856249031,0.000041493372486,0.000042819645968,0.000044092565883,0.000046296757239,0.000049054076286,0.000052044921318,0.000056334805703,0.000061755259828,0.000070600522372
0.915,0.000059656661948,0.000054189115263,0.000050106465565,0.000048335565230,0.000045179902343,0.000043762851475,0.000042751753434,0.000041099383294,0.000039920570403,0.000039112912336,0.000038322998778,0.000037558267098,0.000037270084762,0.000037134919707,0.000037196236457,0.000037306873312,0.000037602898337,0.000038258911150,0.000038586360352,0.000038954751599,0.000039942656378,0.000040417570012,0.000041047852587,0.000042359885693,0.000043619138096,0.000045799662755,0.000048527376097,0.000051486108026,0.000055729931347,0.000061092185330,0.000069842475106
0.916,0.000059008949750,0.000053600766035,0.000049562443022,0.000047810769941,0.000044689369134,0.000043287703658,0.000042287583444,0.000040653153636,0.000039487139507,0.000038688250452,0.000037906913248,0.000037150484515,0.000036865431070,0.000036731733546,0.000036792384560,0.000036901820194,0.000037194631177,0.000037843521441,0.000038167415419,0.000038531806920,0.000039508985688,0.000039978743026,0.000040602182414,0.000041899970341,0.000043145550623,0.000045302400600,0.000048000498253,0.000050927106246,0.000055124852968,0.000060428887178,0.000069084172150
0.917,0.000058356404130,0.000053008026371,0.000049014360820,0.000047282058471,0.000044195175419,0.000042809010145,0.000041819949679,0.000040203594078,0.000039050474221,0.000038260419615,0.000037487722764,0.000036739658936,0.000036457757731,0.000036325538691,0.000036385519000,0.000036493744449,0.000036783317406,0.000037425031970,0.000037745344193,0.000038105706100,0.000039072078818,0.000039536641383,0.000040153186518,0.000041436622964,0.000042668429098,0.000044801427727,0.000047469688689,0.000050363933028,0.000054515259313,0.000059760639296,0.000068320210511
0.918,0.000057701920095,0.000052413525947,0.000048464650516,0.000046751776442,0.000043699513680,0.000042328894653,0.000041350926787,0.000039752699084,0.000038612511802,0.000037831317888,0.000037067287057,0.000036327612982,0.000036048873381,0.000035918137215,0.000035977444828,0.000036084456497,0.000036370781809,0.000037005299358,0.000037322019186,0.000037678339530,0.000038633874096,0.000039093226458,0.000039702856859,0.000040971899193,0.000042189890263,0.000044298966693,0.000046937302332,0.000049799086880,0.000053903854834,0.000059090406356,0.000067553979492
0.919,0.000057043286930,0.000051815256662,0.000047911455300,0.000046218132667,0.000043200709672,0.000041845735448,0.000040878930505,0.000039298945622,0.000038171772901,0.000037399495851,0.000036644185979,0.000035912954844,0.000035637396890,0.000035508153001,0.000035566783652,0.000035672573847,0.000035955630925,0.000036582905833,0.000036896010492,0.000037248263651,0.000038192891357,0.000038647000484,0.000039249672317,0.000040504229285,0.000041708317710,0.000043793320285,0.000046401540889,0.000049230659865,0.000053288574329,0.000058415924444,0.000066782890917
0.920,0.000056381212601,0.000051213861596,0.000047355369802,0.000045681700760,0.000042699299561,0.000041360051878,0.000040404468181,0.000038842821432,0.000037728731269,0.000036965417672,0.000036218874323,0.000035496130240,0.000035223770557,0.000035096026739,0.000035153976893,0.000035258539231,0.000035538311001,0.000036158305426,0.000036467776028,0.000036815940752,0.000037749604614,0.000038198443111,0.000038794120018,0.000040034115940,0.000041224229083,0.000043285032023,0.000045862980250,0.000048659262986,0.000052670079165,0.000057737918564,0.000066007773632
0.921,0.000055718077320,0.000050611502815,0.000046798393196,0.000045144409239,0.000042197085956,0.000040873590017,0.000039929245547,0.000038385966318,0.000037284979677,0.000036530643897,0.000035792881119,0.000035078637689,0.000034809481401,0.000034683240060,0.000034740508624,0.000034843841138,0.000035120322334,0.000035733024611,0.000036038855333,0.000036382925070,0.000037305607518,0.000037749166940,0.000038337837713,0.000039563249254,0.000040739364720,0.000042775929247,0.000045323556586,0.000048086950463,0.000052050592884,0.000057058826202,0.000065231414247
0.922,0.000055051530981,0.000050006045600,0.000046238551594,0.000044604353979,0.000041692289048,0.000040384625876,0.000039451578446,0.000037926761217,0.000036838945501,0.000036093633718,0.000035364696676,0.000034658997625,0.000034393061210,0.000034268330073,0.000034324913544,0.000034427009908,0.000034700183604,0.000035305556223,0.000035607728341,0.000035947682027,0.000036859326574,0.000037297579767,0.000037879208367,0.000039089960508,0.000040252006295,0.000042264207730,0.000044781358216,0.000047511694059,0.000051427920067,0.000056376240701,0.000064451061399
0.923,0.000054383159407,0.000049398930433,0.000045677176952,0.000044062819861,0.000041186109831,0.000039894322782,0.000038972603328,0.000037466298654,0.000036391689929,0.000035655426854,0.000034935339716,0.000034238208441,0.000033975500716,0.000033852283920,0.000033908180420,0.000034009037248,0.000034278894388,0.000034876917277,0.000035175420774,0.000035511247138,0.000036411823559,0.000036844755992,0.000037419323134,0.000038615375733,0.000039763313314,0.000041751084942,0.000044237675118,0.000046934862404,0.000050803542157,0.000055691786044,0.000063668571674
0.924,0.000053709293161,0.000048786824183,0.000045111187258,0.000043516833800,0.000040675769322,0.000039399988915,0.000038489690562,0.000037002050635,0.000035940757476,0.000035213617497,0.000034502453020,0.000033813959956,0.000033554507464,0.000033432817458,0.000033488021339,0.000033587628442,0.000033854141760,0.000034444754498,0.000034739559213,0.000035071224325,0.000035960641628,0.000036388209560,0.000036955657193,0.000038136889405,0.000039270602795,0.000041233743780,0.000043689522411,0.000046353288625,0.000050174031246,0.000055001704497,0.000062879649113
0.925,0.000053034324833,0.000048173716856,0.000044544271909,0.000042969954800,0.000040164594172,0.000038904846583,0.000038005988012,0.000036537043356,0.000035489087541,0.000034771085579,0.000034068858354,0.000033389017629,0.000033132825694,0.000033012664974,0.000033067175105,0.000033165530439,0.000033428694465,0.000034011884933,0.000034302984817,0.000034630481872,0.000035508721807,0.000035930916464,0.000036491232944,0.000037657620530,0.000038777086468,0.000040715556527,0.000043140473221,0.000045770763705,0.000049543490794,0.000054310494348,0.000062089436300
0.926,0.000052356658321,0.000047558158634,0.000043975090319,0.000042420889652,0.000039651375600,0.000038407724922,0.000037520351862,0.000036070177212,0.000035035612056,0.000034326784641,0.000033633530394,0.000032962376596,0.000032709458253,0.000032590832933,0.000032644646539,0.000032741745100,0.000033001546446,0.000033577284974,0.000033864665217,0.000034187977551,0.000035054995438,0.000035471795340,0.000036024952160,0.000037176435780,0.000038281597310,0.000040195297822,0.000042589229209,0.000045185910143,0.000048910429758,0.000053616521088,0.000061296064614
0.927,0.000051674779078,0.000046938773780,0.000043402370396,0.000041868411227,0.000039134966593,0.000037907512891,0.000037031696742,0.000035600408783,0.000034579317529,0.000033879721695,0.000033195496208,0.000032533083339,0.000032283458937,0.000032166378561,0.000032219491314,0.000032315325289,0.000032571743051,0.000033139983312,0.000033423620791,0.000033742722392,0.000034598448467,0.000035009820077,0.000035555772730,0.000036692259732,0.000037783027932,0.000039671804915,0.000042034558374,0.000044597420824,0.000048273433283,0.000052918233727,0.000060497760912
0.928,0.000050991133544,0.000046317784515,0.000042828166941,0.000041314501702,0.000038617219916,0.000037406005146,0.000036541775846,0.000035129423499,0.000034121841050,0.000033431500709,0.000032756327369,0.000032102678071,0.000031856356143,0.000031740824714,0.000031793234797,0.000031887800910,0.000032140826324,0.000032701548896,0.000032981433916,0.000033296313875,0.000034140718890,0.000034546648148,0.000035085377971,0.000036206829510,0.000037283167095,0.000039146955990,0.000041478450760,0.000044007407124,0.000047634786777,0.000052218137571,0.000059697389342
0.929,0.000050305362515,0.000045694864557,0.000042252178253,0.000040758870039,0.000038097863534,0.000036902938184,0.000036050331756,0.000034656973894,0.000033662942249,0.000032981886177,0.000032315793127,0.000031670934647,0.000031427925461,0.000031313947794,0.000031365653023,0.000031458947333,0.000031708569851,0.000032261751361,0.000032537872255,0.000032848517448,0.000033681566204,0.000034082036189,0.000034613520727,0.000035719890056,0.000036781752161,0.000038620475278,0.000040920614174,0.000043415559037,0.000046994154682,0.000051515864775,0.000058894529369
0.930,0.000049616904030,0.000045069503450,0.000041673932333,0.000040201060920,0.000037576471855,0.000036397899762,0.000035556961754,0.000034182672815,0.000033202245077,0.000032530509658,0.000031873532484,0.000031237499272,0.000030997815809,0.000030885397994,0.000030936395606,0.000031028413128,0.000031274619416,0.000031820230312,0.000032092572329,0.000032398966159,0.000033220614153,0.000033615603470,0.000034139814330,0.000035231042344,0.000036278372241,0.000038091931350,0.000040360591492,0.000042821391566,0.000046351012024,0.000050810839854,0.000058088523081
0.931,0.000048926198840,0.000044442101548,0.000041093799374,0.000039641431456,0.000037053378675,0.000035891213205,0.000035061981696,0.000033706823909,0.000032740044474,0.000032077660125,0.000031429828574,0.000030802649430,0.000030566302544,0.000030455449671,0.000030505737357,0.000030596473925,0.000030839252833,0.000031377268409,0.000031645819217,0.000031947947811,0.000032758157838,0.000033147648602,0.000033664562046,0.000034740599333,0.000035773349598,0.000037561662580,0.000039798741240,0.000042225285098,0.000045705770545,0.000050103514166,0.000057279886486
0.932,0.000048231911429,0.000043811445737,0.000040510657657,0.000039078899572,0.000036527572563,0.000035381898807,0.000034564434512,0.000033228507096,0.000032275446748,0.000031622461966,0.000030983823472,0.000030365544316,0.000030132551311,0.000030023271496,0.000030072845575,0.000030162294545,0.000030401628298,0.000030932009162,0.000031196749099,0.000031494590336,0.000032293303074,0.000032677266768,0.000033186844950,0.000034247612726,0.000035265707745,0.000037028643664,0.000039233977051,0.000041626087029,0.000045057182634,0.000049392520058,0.000056467056038
0.933,0.000047533737413,0.000043177259529,0.000039924251527,0.000038513218647,0.000035998823002,0.000034869733279,0.000034064102069,0.000032747512676,0.000031808248215,0.000031164715619,0.000030535321644,0.000029925992297,0.000029696371949,0.000029588673998,0.000029637530474,0.000029725684639,0.000029961553952,0.000030484257364,0.000030745165097,0.000031038694976,0.000031825846064,0.000032204251748,0.000032706453605,0.000033751866391,0.000034755224123,0.000036492640920,0.000038666051325,0.000041023534663,0.000044404963942,0.000048677545820,0.000055649675385
0.934,0.000046833362679,0.000042541074299,0.000039335996983,0.000037945754637,0.000035468406766,0.000034355953352,0.000033562192526,0.000032265002111,0.000031339577022,0.000030705526408,0.000030085406090,0.000029485054765,0.000029258817704,0.000029152706603,0.000029200843215,0.000029287698493,0.000029520092444,0.000030035094205,0.000030292157654,0.000030581362586,0.000031356915580,0.000031729745734,0.000032224548016,0.000033254557411,0.000034243131404,0.000035954948640,0.000038096335437,0.000040419082989,0.000043750689389,0.000047960317909,0.000054829718261
0.935,0.000046129291192,0.000041901531124,0.000038744637484,0.000037375295409,0.000034935190860,0.000033839461565,0.000033057633779,0.000031779944735,0.000030868432066,0.000030243913481,0.000029633115770,0.000029041789853,0.000028818953938,0.000028714438063,0.000028761851011,0.000028847400546,0.000029076300792,0.000029583560251,0.000029836759125,0.000030121616282,0.000030885509965,0.000031252735159,0.000031740098808,0.000032754623511,0.000033728335731,0.000035414418285,0.000037523612446,0.000039811440867,0.000043092961411,0.000047239304289,0.000054005433199
0.936,0.000045421039853,0.000041258191182,0.000038149767268,0.000036801449544,0.000034398809418,0.000033319903528,0.000032550079624,0.000031292007725,0.000030394490070,0.000029779560102,0.000029178140344,0.000028595893417,0.000028376478838,0.000028273567660,0.000028320252648,0.000028404488688,0.000028629874488,0.000029129345681,0.000029378657037,0.000029659140607,0.000030411305761,0.000030772892722,0.000031252773577,0.000032251721659,0.000033210483878,0.000034870678970,0.000036947489378,0.000039200191364,0.000042431328708,0.000046514010237,0.000053176254615
0.937,0.000044712049172,0.000040614179659,0.000037554276070,0.000036227004642,0.000033861868050,0.000032799803126,0.000032041995635,0.000030803561359,0.000029920053327,0.000029314721986,0.000028722689970,0.000028149531511,0.000027933541840,0.000027832237033,0.000027878193301,0.000027961114476,0.000028182982161,0.000028674656958,0.000028920076737,0.000029196182155,0.000029936606537,0.000030292549378,0.000030764939628,0.000031748294829,0.000032692091440,0.000034326372048,0.000036370764897,0.000038588303780,0.000041769005328,0.000045787959053,0.000052346210452
0.938,0.000043997970286,0.000039965546266,0.000036954511216,0.000035648437129,0.000033321073220,0.000032275970126,0.000031530265286,0.000030311609566,0.000029442211700,0.000028846547872,0.000028263970970,0.000027699966204,0.000027487426021,0.000027387739114,0.000027432961432,0.000027514558305,0.000027732882627,0.000028216705075,0.000028458205350,0.000028729901195,0.000029458500544,0.000029808758759,0.000030273604648,0.000031241255062,0.000032169978661,0.000033778158804,0.000035789901444,0.000037972024869,0.000041101928660,0.000045056697225,0.000051510209322
0.939,0.000043280698633,0.000039314012724,0.000036352064713,0.000035067282742,0.000032777860406,0.000031749794980,0.000031016246904,0.000029817458173,0.000028962233562,0.000028376280472,0.000027803200961,0.000027248390815,0.000027039315542,0.000026941253770,0.000026985738856,0.000027066005506,0.000027280770622,0.000027756705612,0.000027994268858,0.000028261535413,0.000028978256859,0.000029322805032,0.000029780072826,0.000030731948234,0.000031645531428,0.000033227494406,0.000035206440852,0.000037352990471,0.000040431869379,0.000044322165803,0.000050670470290
0.940,0.000042559000365,0.000038658458267,0.000035745900234,0.000034482541783,0.000032231295174,0.000031220372563,0.000030499056276,0.000029320257143,0.000028479293257,0.000027903110835,0.000027339587327,0.000026794028545,0.000026588439567,0.000026492012958,0.000026535756263,0.000026614684480,0.000026825868424,0.000027293867280,0.000027527469199,0.000027790279131,0.000028495049369,0.000028833852259,0.000029283495190,0.000030219498239,0.000031117847589,0.000032673431604,0.000034619379456,0.000036730135725,0.000039757674853,0.000043583101247,0.000049825548840
0.941,0.000041832677194,0.000037998702780,0.000035135851234,0.000033894053593,0.000031681227355,0.000030687557417,0.000029978551305,0.000028819869870,0.000027993258096,0.000027426908956,0.000026873002690,0.000026336754558,0.000026134674216,0.000026039893249,0.000026082890020,0.000026160471227,0.000026368051050,0.000026828062913,0.000027057678120,0.000027316002867,0.000028008745310,0.000028341766100,0.000028783735306,0.000029703764279,0.000030586782161,0.000032115818168,0.000034028555958,0.000036103289502,0.000039079159845,0.000042839300499,0.000048975212828
0.942,0.000041103982677,0.000037336793282,0.000034523810507,0.000033303644070,0.000031129363639,0.000030153002702,0.000029456346956,0.000028317848901,0.000027505636097,0.000026949152343,0.000026404894717,0.000025877987634,0.000025679427384,0.000025586297431,0.000025628545229,0.000025704775029,0.000025908738964,0.000026360737758,0.000026586353237,0.000026840178157,0.000027520853535,0.000027848073348,0.000028282343775,0.000029186346518,0.000030053982877,0.000031556384199,0.000033435803502,0.000035474396711,0.000038398429578,0.000042093071344,0.000048122100586
0.943,0.000040368287962,0.000036668525155,0.000033905890217,0.000032707562782,0.000030572198449,0.000029613312792,0.000028929126055,0.000027811005271,0.000027013329761,0.000026466806164,0.000025932289869,0.000025414813569,0.000025219807226,0.000025128344148,0.000025169835779,0.000025244701189,0.000025445014500,0.000025888923248,0.000026110500575,0.000026359782440,0.000027028274831,0.000027349637939,0.000027776135629,0.000028663958188,0.000029516065261,0.000030991576033,0.000032837356774,0.000034839462467,0.000037711159882,0.000041339673543,0.000047260792927
0.944,0.000039630124424,0.000035998014474,0.000033285896327,0.000032109481182,0.000030013163541,0.000029071811806,0.000028400135922,0.000027302460790,0.000026519371357,0.000025982841343,0.000025458099067,0.000024950085199,0.000024758644688,0.000024668854079,0.000024709587006,0.000024783083447,0.000024979733883,0.000025415525436,0.000025633051061,0.000025877774625,0.000026534043146,0.000026849529896,0.000027268228765,0.000028139816842,0.000028976342517,0.000030424872500,0.000032236901796,0.000034202397529,0.000037021583865,0.000040583747513,0.000046396594917
0.945,0.000038884720551,0.000035320927036,0.000032659821178,0.000031505533251,0.000029448645294,0.000028524999465,0.000027865957147,0.000026788928211,0.000026020567924,0.000025494129514,0.000024979257127,0.000024480798503,0.000024292958801,0.000024204857066,0.000024244823846,0.000024316937891,0.000024509889525,0.000024937484265,0.000025150918445,0.000025391038999,0.000026034963751,0.000026344516504,0.000026755340057,0.000027610534414,0.000028431325860,0.000029852610411,0.000031630557209,0.000033559083889,0.000036325244089,0.000039820406922,0.000045523920353
0.946,0.000038134278204,0.000034639262902,0.000032029514145,0.000030897503002,0.000028880311250,0.000027974491007,0.000027328167650,0.000026271924465,0.000025518392885,0.000025002114293,0.000024497178509,0.000024008339716,0.000023824125162,0.000023737723717,0.000023776919171,0.000023847641476,0.000024036869306,0.000024456211828,0.000024665526908,0.000024901013338,0.000025532510885,0.000025836089530,0.000026238984534,0.000027077674361,0.000027882625224,0.000029276480180,0.000031020114103,0.000032911421843,0.000035624197481,0.000039051906617,0.000044645347044
0.947,0.000037377388046,0.000033951741899,0.000031393791504,0.000030284248549,0.000028307094072,0.000027419252573,0.000026785757459,0.000025750478617,0.000025011903151,0.000024505871670,0.000024010957865,0.000023531821557,0.000023351263299,0.000023266576751,0.000023304994254,0.000023374312860,0.000023559784891,0.000023970804292,0.000024175964881,0.000024406777369,0.000025025740936,0.000025323294145,0.000025718192478,0.000026540235968,0.000027329210144,0.000028695399831,0.000030404426061,0.000032258195075,0.000034917127471,0.000038276803346,0.000043759225020
0.948,0.000036612636328,0.000033257079851,0.000030751465830,0.000029664624431,0.000027727923082,0.000026858247066,0.000026237713438,0.000025223616688,0.000024500152681,0.000024004474744,0.000023519687013,0.000023050353967,0.000022873489980,0.000022790536143,0.000022828167613,0.000022896067941,0.000023077745163,0.000023480354993,0.000023681317939,0.000023907407940,0.000024513707341,0.000024805172528,0.000025191991133,0.000025997215384,0.000026770046930,0.000028108283998,0.000029782343078,0.000031598183464,0.000034202713367,0.000037493649342,0.000042863899149
0.949,0.000035842065226,0.000032557131766,0.000030104252373,0.000029040285278,0.000027144344887,0.000026292972584,0.000025685499072,0.000024692745599,0.000023984508042,0.000023499262435,0.000023024677831,0.000022565222645,0.000022392081042,0.000022310873100,0.000022347712556,0.000022414183814,0.000022592037350,0.000022986173616,0.000023182906978,0.000023404238556,0.000023997777423,0.000024283108262,0.000024661785654,0.000025450062682,0.000026206628760,0.000027516700502,0.000029155526349,0.000030933149490,0.000033482862922,0.000036704535921,0.000041961760289
0.950,0.000035065523863,0.000031851760597,0.000029452024411,0.000028411108846,0.000026556245221,0.000025723318446,0.000025129006238,0.000024157761407,0.000023464868271,0.000022990135822,0.000022525833398,0.000022076332604,0.000021906942225,0.000021827493705,0.000021863535010,0.000021928566126,0.000022102566351,0.000022488163402,0.000022680634409,0.000022897170696,0.000023477850162,0.000023756999125,0.000024127472229,0.000024898670729,0.000025638845317,0.000026920533513,0.000028523853145,0.000030262962939,0.000032757435192,0.000035909308576,0.000041052631802
0.951,0.000034278033387,0.000031136443802,0.000028790600135,0.000027773061124,0.000025959853441,0.000025145632273,0.000024564666941,0.000023615234020,0.000022937901659,0.000022473830602,0.000022019955336,0.000021580549289,0.000021414963025,0.000021337298735,0.000021372530636,0.000021436101304,0.000021606193886,0.000021983131320,0.000022171279875,0.000022382953258,0.000022950592007,0.000023223471931,0.000023585625067,0.000024339504234,0.000025063056215,0.000026315960661,0.000027883273447,0.000029583326862,0.000032021779044,0.000035102868649,0.000040130684744
0.952,0.000033852644180,0.000030750041613,0.000028433309785,0.000027428398398,0.000025637692559,0.000024833575847,0.000024259820275,0.000023322169784,0.000022653243094,0.000022194931143,0.000021746688453,0.000021312735419,0.000021149204076,0.000021072503597,0.000021107298271,0.000021170080029,0.000021338061768,0.000021710321422,0.000021896135059,0.000022105181583,0.000022665775956,0.000022935269449,0.000023292928277,0.000024037451829,0.000024752024555,0.000025989380501,0.000027537242990,0.000029216198800,0.000031624389875,0.000034667243265,0.000039632664336
0.953,0.000033413558607,0.000030351198333,0.000028064515665,0.000027072638476,0.000025305158980,0.000024511472061,0.000023945158383,0.000023019669683,0.000022359419304,0.000021907051886,0.000021464623126,0.000021036298678,0.000020874888417,0.000020799182781,0.000020833526151,0.000020895493599,0.000021061296532,0.000021428727793,0.000021612131336,0.000021818466422,0.000022371789608,0.000022637787637,0.000022990807452,0.000023725674166,0.000024430978529,0.000025652285355,0.000027180071300,0.000028837250221,0.000031214205865,0.000034217591938,0.000039118609037
0.954,0.000032961666207,0.000029940721975,0.000027684964912,0.000026706502091,0.000024962926380,0.000024179973460,0.000023621318734,0.000022708346549,0.000022057025543,0.000021610776042,0.000021174330787,0.000020751799095,0.000020592571782,0.000020517890006,0.000020551768909,0.000020612898295,0.000020776458872,0.000021138920911,0.000021319844063,0.000021523388629,0.000022069228548,0.000022331629161,0.000022679874658,0.000023404802870,0.000024100568540,0.000025305358141,0.000026812481969,0.000028447248834,0.000030792058000,0.000033754825613,0.000038589560266
0.955,0.000032495634514,0.000029517402193,0.000027293538368,0.000026328909638,0.000024609985641,0.000023838102575,0.000023287346443,0.000022387282404,0.000021745170163,0.000021305230003,0.000020874955472,0.000020458397784,0.000020301421722,0.000020227795842,0.000020261195744,0.000020321460846,0.000020482708907,0.000020840046242,0.000021018411394,0.000021219078125,0.000021757200634,0.000022015891271,0.000022359213065,0.000023073891810,0.000023759820330,0.000024947575897,0.000026433391110,0.000028045044666,0.000030356701522,0.000033277579759,0.000038043958051
0.956,0.000032014122880,0.000029080021210,0.000026889110006,0.000025938774887,0.000024245321446,0.000023484875938,0.000022942280763,0.000022055553632,0.000021422956038,0.000020989534795,0.000020565635956,0.000020155250709,0.000020000600677,0.000019928065765,0.000019960970757,0.000020020342867,0.000020179201596,0.000020531244002,0.000020706966187,0.000020904659492,0.000021434808246,0.000021689665674,0.000022027900217,0.000022731989043,0.000023407753658,0.000024577909380,0.000026041708180,0.000027629480684,0.000029906884026,0.000032784481469,0.000037480232840
0.957,0.000031516119320,0.000028627659790,0.000026470829843,0.000025535277896,0.000023868167387,0.000023119551176,0.000022585396473,0.000021712463044,0.000021089705978,0.000020663026926,0.000020245722150,0.000019841720751,0.000019689476415,0.000019618069838,0.000019650462968,0.000019708911501,0.000019865299064,0.000020211865188,0.000020384853883,0.000020579471921,0.000021101373816,0.000021352266746,0.000021685239799,0.000022378375999,0.000023043628591,0.000024195581668,0.000025636609985,0.000027199683504,0.000029441660138,0.000032274494407,0.000036897199863
0.958,0.000030998784294,0.000028157738637,0.000026036312912,0.000025116117989,0.000023476372989,0.000022740045264,0.000022214658676,0.000021356054391,0.000020743519842,0.000020323844697,0.000019913389952,0.000019516020210,0.000019366274955,0.000019296040512,0.000019327901911,0.000019385391014,0.000019539211487,0.000019880088750,0.000020050237848,0.000020241661243,0.000020754996152,0.000021001770692,0.000021329278014,0.000022011036428,0.000022665368943,0.000023798412786,0.000025215786718,0.000026753202488,0.000028958377223,0.000031744710704,0.000036291534753
0.959,0.000030463912952,0.000027671888376,0.000025587066984,0.000024682749647,0.000023071297777,0.000022347675085,0.000021831353828,0.000020987564409,0.000020385598893,0.000019973165071,0.000019569792555,0.000019179279265,0.000019032117803,0.000018963095227,0.000018994406870,0.000019050904023,0.000019202070385,0.000019537065951,0.000019704279196,0.000019892399659,0.000020396877184,0.000020639393730,0.000020961250047,0.000021631244999,0.000022274287274,0.000023387780909,0.000024780698634,0.000026291586923,0.000028458712270,0.000031196968707,0.000035665339167
0.960,0.000029907722328,0.000027166672750,0.000025119914692,0.000024232107803,0.000022650076789,0.000021939665537,0.000021432770943,0.000020604386891,0.000020013411676,0.000019608507807,0.000019212499808,0.000018829116260,0.000018684641578,0.000018616879172,0.000018647619147,0.000018703084811,0.000018851491275,0.000019180370706,0.000019344531078,0.000019529216958,0.000020024484056,0.000020262572890,0.000020578552960,0.000021236315573,0.000021867617593,0.000022960781774,0.000024328268499,0.000025811571957,0.000027939131317,0.000030627394420,0.000035014184233
0.961,0.000029331395017,0.000026643165968,0.000024635849315,0.000023765150628,0.000022213605643,0.000021516884146,0.000021019757504,0.000020207336566,0.000019627749551,0.000019230648255,0.000018842271402,0.000018466275726,0.000018324585097,0.000018258128485,0.000018288276096,0.000018342672926,0.000018488219570,0.000018810761434,0.000018971758406,0.000019152885355,0.000019638608564,0.000019872109383,0.000020182000459,0.000020827087865,0.000021446224580,0.000022518323286,0.000023859458290,0.000025314178217,0.000027400739117,0.000030037198895,0.000034339454461
0.962,0.000028732646721,0.000026099293090,0.000024132952239,0.000023280027318,0.000021760154366,0.000021077655200,0.000020590676515,0.000019794839706,0.000019227083930,0.000018838088751,0.000018457639922,0.000018089319529,0.000017950521262,0.000017885421244,0.000017914953445,0.000017968239860,0.000018110815428,0.000018426773173,0.000018584483678,0.000018761913243,0.000019237721276,0.000019466455590,0.000019770020791,0.000020401939884,0.000021008438023,0.000022058651740,0.000023372409856,0.000024797434262,0.000026841401730,0.000029424042868,0.000033638475533
0.963,0.000028111013611,0.000025534632797,0.000023610833887,0.000022776362064,0.000021289371685,0.000020621638444,0.000020145195582,0.000019366576766,0.000018811104432,0.000018430525194,0.000018058307406,0.000017697955654,0.000017562160299,0.000017498468725,0.000017527361994,0.000017579495554,0.000017718986488,0.000018028108462,0.000018182406887,0.000018355997749,0.000018821511637,0.000019045297266,0.000019342294810,0.000019960542283,0.000020553918786,0.000021581411045,0.000022866745900,0.000024260939788,0.000026260685856,0.000028787451347,0.000032910704424
0.964,0.000027469298033,0.000024951730598,0.000023071847989,0.000022256425411,0.000020803379908,0.000020150889619,0.000019685322949,0.000018924478370,0.000018381686307,0.000018009794896,0.000017646074061,0.000017293948385,0.000017161252953,0.000017099015324,0.000017127249021,0.000017178192480,0.000017314499129,0.000017616564495,0.000017767340611,0.000017936968757,0.000018391855938,0.000018610533009,0.000018900750721,0.000019504884899,0.000020084715859,0.000021088752621,0.000022344745972,0.000023707113334,0.000025661209386,0.000028130294112,0.000032159421955
0.965,0.000026805430822,0.000024348706968,0.000022514256624,0.000021718540859,0.000020300611990,0.000019663890829,0.000019209575792,0.000018467119006,0.000017937444928,0.000017574541244,0.000017219610670,0.000016875995029,0.000016746506529,0.000016685773035,0.000016713324390,0.000016763036668,0.000016896049111,0.000017190814281,0.000017337946498,0.000017503475137,0.000017947368784,0.000018160760954,0.000018443964798,0.000019033498498,0.000019599316331,0.000020579087927,0.000021804726924,0.000023134169126,0.000025041039352,0.000027450452207,0.000031382205671
0.966,0.000026121663130,0.000023727606741,0.000021939950567,0.000021164532358,0.000019782772799,0.000019162293473,0.000018719567354,0.000017996049564,0.000017479886704,0.000017126240167,0.000016780363358,0.000016445512854,0.000016319327418,0.000016260143147,0.000016286991707,0.000016335435897,0.000016465055385,0.000016752301522,0.000016895680610,0.000017056986854,0.000017489557417,0.000017697506262,0.000017973485986,0.000018547981536,0.000019099366176,0.000020054145218,0.000021248519941,0.000022544049999,0.000024402278729,0.000026750230954,0.000030581691085
0.967,0.000025420077250,0.000023090321367,0.000021350678764,0.000020596087041,0.000019251439323,0.000018647625074,0.000018216789867,0.000017512704603,0.000017010405047,0.000016666256887,0.000016329669773,0.000016003812816,0.000015881016517,0.000015823421841,0.000015849549292,0.000015896692349,0.000016022830466,0.000016302361634,0.000016441889789,0.000016598863607,0.000017019816020,0.000017222179693,0.000017490747045,0.000018049812568,0.000018586387903,0.000019515523116,0.000020677818853,0.000021938553057,0.000023746872750,0.000026031762753,0.000029760316024
0.968,0.000024703893173,0.000022439775725,0.000020749145731,0.000020015813841,0.000018709050165,0.000018122247750,0.000017703550875,0.000017019302476,0.000016531154685,0.000016196702539,0.000015869598415,0.000015552922136,0.000015433585495,0.000015377613488,0.000015403004826,0.000015448819676,0.000015571403984,0.000015843059653,0.000015978656749,0.000016131207994,0.000016540300513,0.000016736962801,0.000016997963550,0.000017541277987,0.000018062735873,0.000018965693673,0.000020095242944,0.000021320457281,0.000023077829459,0.000025298345077,0.000028921850261
0.969,0.000023977135420,0.000021779625486,0.000020138731720,0.000019426973540,0.000018158653223,0.000017589113804,0.000017182734469,0.000016518615805,0.000016044828714,0.000015720215733,0.000015402734605,0.000015095374548,0.000014979548642,0.000014925223262,0.000014949867618,0.000014994334652,0.000015113312683,0.000015376976581,0.000015508584579,0.000015656647956,0.000016053705483,0.000016244582212,0.000016497904644,0.000017025235447,0.000017531352692,0.000018407746599,0.000019504065938,0.000020693235995,0.000022398908474,0.000024554099290,0.000028071005467
0.970,0.000023243965071,0.000021113650366,0.000019522931679,0.000018832937567,0.000017603399816,0.000017051275715,0.000016657322604,0.000016013511292,0.000015554211613,0.000015239524614,0.000014931751391,0.000014633789757,0.000014521505564,0.000014468841340,0.000014492732123,0.000014535839450,0.000014651179382,0.000014906780993,0.000015034364696,0.000015177900606,0.000015562816949,0.000015747857070,0.000015993433434,0.000016504639571,0.000016995280816,0.000017844876441,0.000018907672641,0.000020060480381,0.000021713996985,0.000023803286599,0.000027212653186
0.971,0.000022512259486,0.000020449005765,0.000018908361915,0.000018240088388,0.000017049255723,0.000016514512145,0.000016132960433,0.000015509415901,0.000015064574691,0.000014759793844,0.000014461709130,0.000014173127144,0.000014064377587,0.000014013371200,0.000014036509916,0.000014078260251,0.000014189969354,0.000014437524785,0.000014561092232,0.000014700109721,0.000015072909137,0.000015252124309,0.000015489970082,0.000015985083767,0.000016460279930,0.000017283130813,0.000018312470849,0.000019428988917,0.000021030453845,0.000023053973920,0.000026356015764
0.972,0.000021788484701,0.000019791565105,0.000018300453340,0.000017653664975,0.000016501117878,0.000015983566440,0.000015614281712,0.000015010784293,0.000014580244839,0.000014285262772,0.000013996761557,0.000013717457554,0.000013612204323,0.000013562837804,0.000013585232604,0.000013625640655,0.000013733758282,0.000013973354744,0.000014092949467,0.000014227497509,0.000014588311330,0.000014761764690,0.000014991963662,0.000015471159318,0.000015931077805,0.000016727473825,0.000017723720321,0.000018804342053,0.000020354319483,0.000022312782880,0.000025508663251
0.973,0.000021081413631,0.000019149297259,0.000017706574449,0.000017080775398,0.000015965630292,0.000015464874224,0.000015107573374,0.000014523660408,0.000014107092646,0.000013821683217,0.000013542544327,0.000013272304184,0.000013170466588,0.000013122702091,0.000013144370145,0.000013183466890,0.000013288075928,0.000013519897103,0.000013635610786,0.000013765792529,0.000014114897367,0.000014282721888,0.000014505450536,0.000014969095529,0.000015414088928,0.000016184640628,0.000017148557337,0.000018194111171,0.000019693789361,0.000021588697498,0.000024680866455
0.974,0.000020398400358,0.000018528882309,0.000017132902039,0.000016527378149,0.000015448362447,0.000014963830292,0.000014618105574,0.000014053110709,0.000013650039258,0.000013373876763,0.000013103781648,0.000012842296971,0.000012743758795,0.000012697541812,0.000012718507846,0.000012756337902,0.000012857557729,0.000013081868167,0.000013193832862,0.000013319796868,0.000013657591115,0.000013819978317,0.000014035490816,0.000014484114251,0.000014914690382,0.000015660277103,0.000016592964032,0.000017604643138,0.000019055733499,0.000020889248818,0.000023881235099
0.975,0.000019751947478,0.000017941676983,0.000016589937215,0.000016003603195,0.000014958782959,0.000014489606284,0.000014154838049,0.000013607748635,0.000013217451063,0.000012950040531,0.000012688505095,0.000012435307221,0.000012339891853,0.000012295139548,0.000012315441141,0.000012352072311,0.000012450084345,0.000012667286082,0.000012775702464,0.000012897674501,0.000013224763591,0.000013382004524,0.000013590687140,0.000014025093092,0.000014442023683,0.000015163981753,0.000016067110573,0.000017046728200,0.000018451831547,0.000020227240287,0.000023124406478
0.976,0.000019148076221,0.000017393150664,0.000016082737292,0.000015514329113,0.000014501451900,0.000014046619243,0.000013722085792,0.000013191722404,0.000012813357300,0.000012554122242,0.000012300582662,0.000012055125742,0.000011962627483,0.000011919243380,0.000011938924297,0.000011974435552,0.000012069451089,0.000012280012373,0.000012385114168,0.000012503357185,0.000012820446264,0.000012972879909,0.000013175182526,0.000013596307495,0.000014000491373,0.000014700377203,0.000015575894895,0.000016525562923,0.000017887708403,0.000019608838024,0.000022417429892
0.977,0.000018592709285,0.000016888683235,0.000015616276827,0.000015064354644,0.000014080854717,0.000013639213935,0.000013324093187,0.000012809112351,0.000012441721272,0.000012190005015,0.000011943819046,0.000011705481309,0.000011615665852,0.000011573540052,0.000011592650148,0.000011627131441,0.000011719391167,0.000011923845374,0.000012025898818,0.000012140712338,0.000012448604630,0.000012596617120,0.000012793052192,0.000013201962938,0.000013594423949,0.000014274010431,0.000015124134785,0.000016046258833,0.000017368896921,0.000019040107246,0.000021767239282
0.978,0.000018093398282,0.000016435134199,0.000015196898525,0.000014659798325,0.000013702710489,0.000013272930061,0.000012966271945,0.000012465121024,0.000012107596308,0.000011862639942,0.000011623065348,0.000011391128219,0.000011303724774,0.000011262730272,0.000011281327162,0.000011314882453,0.000011404664525,0.000011603628072,0.000011702940850,0.000011814671030,0.000012114294811,0.000012258332396,0.000012449492164,0.000012847421528,0.000013229342919,0.000013890678968,0.000014717973058,0.000015615333277,0.000016902451649,0.000018528781279,0.000021182675628
0.979,0.000017650570142,0.000016032891359,0.000014824960971,0.000014301006067,0.000013367342544,0.000012948080807,0.000012648928017,0.000012160042549,0.000011811268096,0.000011572306933,0.000011338595823,0.000011112335256,0.000011027070973,0.000010987079793,0.000011005221532,0.000011037955572,0.000011125540266,0.000011319634266,0.000011416516407,0.000011525512039,0.000011817802657,0.000011958314984,0.000012144796199,0.000012532986413,0.000012905560441,0.000013550710575,0.000014357756999,0.000015233154712,0.000016488771415,0.000018075297328,0.000020664238754
0.980,0.000017265176511,0.000015682819143,0.000014501263465,0.000013988748921,0.000013075471594,0.000012665364281,0.000012372743380,0.000011894532545,0.000011553373453,0.000011319629917,0.000011091021802,0.000010869701551,0.000010786298981,0.000010747180994,0.000010764926615,0.000010796945920,0.000010882618234,0.000011072474264,0.000011167241020,0.000011273856772,0.000011559765333,0.000011697209626,0.000011879619093,0.000012259333318,0.000012623772332,0.000013254835852,0.000014044260718,0.000014900544447,0.000016128745227,0.000017680629937,0.000020213042790
0.981,0.000016935473495,0.000015383333483,0.000014224341286,0.000013721613934,0.000012825776932,0.000012423501199,0.000012136468309,0.000011667389588,0.000011332745412,0.000011103465540,0.000010879223021,0.000010662129194,0.000010580319315,0.000010541948341,0.000010559355084,0.000010590762934,0.000010674799215,0.000010861029675,0.000010953986725,0.000011058566498,0.000011339015230,0.000011473834829,0.000011652760929,0.000012025223973,0.000012382703507,0.000013001715975,0.000013776065654,0.000014615997432,0.000015820743977,0.000017342993249,0.000019827046089
0.982,0.000016657228394,0.000015130589609,0.000013990639330,0.000013496171648,0.000012615052998,0.000012219386543,0.000011937069523,0.000011475697634,0.000011146551569,0.000010921038701,0.000010700480425,0.000010486953388,0.000010406487622,0.000010368747073,0.000010385867828,0.000010416759657,0.000010499415244,0.000010682585990,0.000010774015781,0.000010876877338,0.000011152718376,0.000011285322927,0.000011461309321,0.000011827652901,0.000012179259146,0.000012788101412,0.000013549728741,0.000014375860675,0.000015560813571,0.000017058052712,0.000019501293258
0.983,0.000016424864387,0.000014919521817,0.000013795473547,0.000013307903561,0.000012439076287,0.000012048929276,0.000011770550506,0.000011315614635,0.000010991060071,0.000010768693050,0.000009496090354,0.000010340663114,0.000010261319825,0.000010224105746,0.000010240987671,0.000010271448567,0.000010352951130,0.000010533566692,0.000010623721061,0.000010725147726,0.000010997140853,0.000011127895605,0.000011301427034,0.000011662660217,0.000010808425482,0.000012609710720,0.000013360713547,0.000014175321155,0.000015343744266,0.000016820097310,0.000019229255285
0.984,0.000013796636273,0.000012532171409,0.000013632927011,0.000013151101866,0.000012292511636,0.000011906961571,0.000011631862826,0.000011182287282,0.000010861556815,0.000010641809855,0.000009384201726,0.000010218823224,0.000010140414805,0.000010103639205,0.000010120322217,0.000010150424204,0.000010230966456,0.000010409453897,0.000010498546013,0.000010598777609,0.000010867565949,0.000010996780070,0.000011168266848,0.000011525243765,0.000010681074135,0.000012461135552,0.000013203289613,0.000014008299026,0.000015162955076,0.000016621912844,0.000019002684676
0.985,0.000013660056551,0.000012408109250,0.000013497967928,0.000013020912608,0.000012170821987,0.000011789088673,0.000011516713266,0.000011071588293,0.000010754032895,0.000010536461319,0.000009291302875,0.000010117662042,0.000010040029827,0.000010003618286,0.000010020136145,0.000010049940138,0.000010129685062,0.000010306405567,0.000010394615717,0.000010493855070,0.000010759982542,0.000010887917509,0.000011057706655,0.000011411149680,0.000010575336902,0.000012337776612,0.000013072583723,0.000013869623950,0.000015012849489,0.000016457364312,0.000018814567708
0.986,0.000013545242727,0.000012303818139,0.000013384516471,0.000012911470838,0.000012068525294,0.000011690000478,0.000011419914407,0.000010978530743,0.000010663644423,0.000010447901553,0.000009213208761,0.000010032622316,0.000009955642605,0.000009919537107,0.000009935916132,0.000009965469619,0.000010044544281,0.000010219779437,0.000010307248174,0.000010405653413,0.000010669544063,0.000010796403726,0.000010964765781,0.000011315238091,0.000010486450384,0.000012234076652,0.000012962707653,0.000013753048696,0.000014886665336,0.000016319038902,0.000018656429822
0.987,0.000013445957196,0.000012213632150,0.000013286409050,0.000012816830804,0.000011980063982,0.000011604313722,0.000011336207361,0.000010898059003,0.000010585480774,0.000010371319282,0.000009145676687,0.000009959084008,0.000009882668552,0.000009846827704,0.000009863086672,0.000009892423535,0.000009970918586,0.000010144869282,0.000010231696880,0.000010329380817,0.000010591337170,0.000010717266962,0.000010884394937,0.000011232298313,0.000010409585552,0.000012144401862,0.000012867692057,0.000013652239964,0.000014777547286,0.000016199421670,0.000018519679704
0.988,0.000013358022958,0.000012133757105,0.000013199518230,0.000012733010944,0.000011901716432,0.000011528423514,0.000011262070522,0.000010826787579,0.000006835564812,0.000010303492644,0.000009085865541,0.000009893953318,0.000009818037606,0.000009782431151,0.000006369079462,0.000009827728793,0.000006438711825,0.000010078523589,0.000010164783350,0.000010261828450,0.000010522071654,0.000010647177887,0.000010813212874,0.000007253246664,0.000010341508661,0.000012064979571,0.000012783539573,0.000013562956672,0.000014680904679,0.000010460762162,0.000011959066727
0.989,0.000013276819473,0.000012059995938,0.000013119278295,0.000007593364146,0.000011829365842,0.000006875005304,0.000011193608342,0.000010760971486,0.000006794011382,0.000006144514598,0.000009030632522,0.000009833807929,0.000009758353709,0.000009722963706,0.000006330361798,0.000009767985983,0.000006399570866,0.000010017256196,0.000006061794950,0.000010199446746,0.000010458107930,0.000010582453642,0.000010747479301,0.000007209154143,0.000010278642581,0.000011991636503,0.000012705828375,0.000013480507394,0.000014591659389,0.000010397171139,0.000011886367504
0.990,0.000013198785648,0.000011989113930,0.000013042170411,0.000007548734538,0.000011759839351,0.000006834597813,0.000011127818483,0.000010697724428,0.000006754079928,0.000006108400529,0.000008977555442,0.000009776010227,0.000009700999486,0.000009665817485,0.000006293155422,0.000009710575147,0.000006361957716,0.000009958380287,0.000006026167061,0.000010139500021,0.000010396640938,0.000010520255814,0.000010684311543,0.000007166782710,0.000010218230386,0.000011921156275,0.000012631150521,0.000013401276404,0.000014505897660,0.000010336062300,0.000011816505989
0.991,0.000013121401032,0.000011918821632,0.000012965704032,0.000007504476230,0.000011690891292,0.000006794526496,0.000011062575969,0.000010635003560,0.000006714480688,0.000006072586914,0.000008924919942,0.000009718693379,0.000009644122426,0.000009609146699,0.000006256258587,0.000009653641945,0.000006324657493,0.000009899994201,0.000005990835582,0.000010080052029,0.000005167842663,0.000010458575446,0.000010621669315,0.000007124763789,0.000010158320796,0.000011851262414,0.000012557093956,0.000013322704583,0.000007210424717,0.000010275461860,0.000011747225693
0.992,0.000013041514003,0.000011846256268,0.000012886764933,0.000007458786725,0.000011619713636,0.000006753159378,0.000010995223686,0.000010570254466,0.000006673600914,0.000006035615182,0.000008870582351,0.000009659523056,0.000009585406114,0.000009550643328,0.000006218168606,0.000009594867675,0.000006286151079,0.000009839720064,0.000005954361576,0.000010018681646,0.000005136379285,0.000010394900499,0.000010557001403,0.000007081386088,0.000010096473890,0.000011779108370,0.000012480642598,0.000013241591957,0.000007166525486,0.000010212901763,0.000011675705056
0.993,0.000012957762550,0.000011770180654,0.000012804007265,0.000007410887055,0.000011545092860,0.000006709791184,0.000010924613329,0.000010502373224,0.000006630743638,0.000005996854993,0.000008813616253,0.000009597490451,0.000003809539792,0.000009489309939,0.000006178236076,0.000009533250281,0.000006245781971,0.000009776530250,0.000005916123191,0.000009954342556,0.000005103393910,0.000010328145365,0.000004195682109,0.000007035910051,0.000010031635225,0.000011703463975,0.000012400493012,0.000005262622249,0.000007120502692,0.000010147315409,0.000011600724708
0.994,0.000012868553319,0.000011689147470,0.000012715856580,0.000007359865936,0.000011465609318,0.000006663596842,0.000010849401551,0.000003650523942,0.000006585093508,0.000005955568944,0.000008752937882,0.000009531415406,0.000003783312570,0.000003298392886,0.000006135701287,0.000009467617504,0.000006202782155,0.000009709222584,0.000005875392949,0.000009885810720,0.000005068258998,0.000010257040040,0.000004166796444,0.000006987470506,0.000009962571260,0.000011622890108,0.000012315120368,0.000005226391110,0.000007071480758,0.000010077455029,0.000011520858162
0.995,0.000012773841355,0.000011603115879,0.000012622268457,0.000007305697660,0.000011381222958,0.000006614553074,0.000010769550451,0.000003623656253,0.000006536627521,0.000005911736229,0.000008688516659,0.000009461264624,0.000003755467563,0.000003274116866,0.000006090542806,0.000009397936273,0.000006157129962,0.000009637763150,0.000005832150326,0.000009813051605,0.000005030956844,0.000010181548694,0.000004136129013,0.000006936043042,0.000009889247191,0.000011537346169,0.000012224481645,0.000005187925111,0.000007019434983,0.000010003285421,0.000011436065173
0.996,0.000012671887495,0.000011510506113,0.000012521524369,0.000007247387551,0.000011290384221,0.000006561759306,0.000010683593752,0.000003594734198,0.000006484455712,0.000005864551963,0.000008619169640,0.000009385749951,0.000003725493461,0.000003247984644,0.000006041931403,0.000009322927052,0.000006107987096,0.000009560839762,0.000005785601271,0.000009734729160,0.000004990802480,0.000010100285105,0.000004103116679,0.000006880683316,0.000009810316593,0.000011445261341,0.000012126912476,0.000005146517912,0.000006963409667,0.000009923444633,0.000011344788715
0.997,0.000012562883586,0.000011411492438,0.000012413813887,0.000007185045333,0.000011193264039,0.000006505314880,0.000010591693198,0.000003563812200,0.000006428676253,0.000005814104933,0.000008545027317,0.000009305013484,0.000003693446669,0.000003220045395,0.000005989958551,0.000009242730989,0.000006055446031,0.000009478597167,0.000005735833377,0.000009650990764,0.000004947871466,0.000010013402188,0.000004067821562,0.000006821495497,0.000009725927992,0.000011346808902,0.000012022596456,0.000005102247430,0.000006903510235,0.000009838082902,0.000011247200545
0.998,0.000012446824872,0.000011306070531,0.000012299132313,0.000007118668286,0.000011089858176,0.000006445217334,0.000001574076717,0.000003530888910,0.000006369286712,0.000005760392938,0.000008466086453,0.000001382857755,0.000003659325787,0.000003190297899,0.000005934621981,0.000009157344584,0.000005999504473,0.000009391031778,0.000005682844473,0.000001434274915,0.000004902161929,0.000009920896151,0.000004030242121,0.000006758477004,0.000009636077706,0.000011241984557,0.000001786729355,0.000005055111733,0.000006839734071,0.000009747196503,0.000011143296404
0.999,0.000012323523223,0.000011194069507,0.000001217729375,0.000007048148811,0.000010979999009,0.000006381369249,0.000001558483483,0.000003495910959,0.000006306190817,0.000005703328911,0.000008382219086,0.000001369158788,0.000003623075505,0.000003158693936,0.000005875831993,0.000000906662943,0.000005940071742,0.000000929800165,0.000005626548662,0.000001420066595,0.000004853599772,0.000009822617041,0.000003990317441,0.000006691525684,0.000009540620086,0.000011130618385,0.000001769029526,0.000005005034414,0.000006771977796,0.000009650638110,0.000011032907864
1.000,0.000012192779410,0.000011075308394,0.000001204810132,0.000006973372968,0.000010863509032,0.000006313667462,0.000001541949082,0.000003458821832,0.000006239286619,0.000005642820649,0.000008293289706,0.000001354632987,0.000003584637252,0.000003125182441,0.000005813493597,0.000000897043894,0.000005877051807,0.000000919935647,0.000005566854984,0.000001405000699,0.000004802106532,0.000009718406063,0.000003947983012,0.000006620533357,0.000009439400895,0.000000550626522,0.000001750261381,0.000004951934560,0.000006700131930,0.000009548251706,0.000010915856562
